Country	ID	Surname	Forename	Sex
HR	AdamJene	Jene	Adam	M
HR	AdanićStjepan	Stjepan	Adanić	U
HR	AdlešičĐurđa	Đurđa	Adlešič	F
HR	AhelIrena	Irena	Ahel	F
HR	AhmetovićMirela	Mirela	Ahmetović	F
HR	AladrovićJosip	Josip	Aladrović	M
HR	AleksićGoran	Goran	Aleksić	M
HR	AlfirevMarija	Marija	Alfirev	U
HR	AmbrušecLjubica	Ljubica	Ambrušec	F
HR	AndrićIvo	Ivo	Andrić	M
HR	AndričevićRoko	Roko	Andričević	U
HR	AntešićZdenko	Zdenko	Antešić	M
HR	AntičevićMarinovićIngrid	Ingrid	Antičević Marinović	F
HR	AntičićTome	Tome	Antičić	U
HR	AntolićVuporaBarbara	Barbara	Antolić Vupora	F
HR	AntolovićJadran	Jadran	Antolović	U
HR	AntonićMario	Mario	Antonić	U
HR	AntunovićŽeljka	Željka	Antunović	F
HR	AnušićIvan	Ivan	Anušić	M
HR	ArapovićFranjo	Franjo	Arapović	M
HR	ArlovićMato	Mato	Arlović	M
HR	ArtukovićKunštSandra	Sandra	Artuković Kunšt	U
HR	AčkarKrešimir	Krešimir	Ačkar	M
HR	BabićAnte	Ante	Babić	M
HR	BabićMario	Mario	Babić	U
HR	BabićVedran	Vedran	Babić	M
HR	BabićVera	Vera	Babić	U
HR	BabićPetričevićZdenka	Zdenka	Babić-Petričević	F
HR	BagarićAnto	Anto	Bagarić	M
HR	BagarićIvan	Ivan	Bagarić	M
HR	BagarićLidija	Lidija	Bagarić	F
HR	BagićSnježana	Snježana	Bagić	U
HR	BajićMladen	Mladen	Bajić	U
HR	BajsDamir	Damir	Bajs	M
HR	BajtMarija	Marija	Bajt	F
HR	BakićDamir	Damir	Bakić	M
HR	BakotaGordan	Gordan	Bakota	U
HR	BalićMarijana	Marijana	Balić	F
HR	BaloevićJakša	Jakša	Baloević	M
HR	BanVlahekBoška	Boška	Ban Vlahek	F
HR	BanacIvo	Ivo	Banac	M
HR	BanićMartina	Martina	Banić	F
HR	BanožićMario	Mario	Banožić	M
HR	BaradićNikolina	Nikolina	Baradić	F
HR	BaranovićPetar	Petar	Baranović	M
HR	BarbarićNevenko	Nevenko	Barbarić	M
HR	BarbićJakša	Jakša	Barbić	U
HR	BaričevićDanica	Danica	Baričević	F
HR	BaričevićMartin	Martin	Baričević	M
HR	BarišićDražen	Dražen	Barišić	M
HR	BarišićPavo	Pavo	Barišić	U
HR	BarišićZoran	Zoran	Barišić	U
HR	BarrosoJoseManuel	Jose Manuel	Barroso	U
HR	BartolčićJosip	Josip	Bartolčić	U
HR	BartulicaStephenNikola	Stephen Nikola	Bartulica	M
HR	BatinićMilorad	Milorad	Batinić	M
HR	BaukArsen	Arsen	Bauk	M
HR	BačićAnte	Ante	Bačić	M
HR	BačićBranko	Branko	Bačić	M
HR	BačićKazimir	Kazimir	Bačić	U
HR	BačićStjepan	Stjepan	Bačić	M
HR	BačićŽeljko	Željko	Bačić	U
HR	BašićSilvio	Silvio	Bašić	U
HR	BebićLuka	Luka	Bebić	M
HR	BedekovićVesna	Vesna	Bedeković	F
HR	BegonjaJosip	Josip	Begonja	M
HR	BegovićLeo	Leo	Begović	U
HR	BekavacIvan	Ivan	Bekavac	U
HR	BekavacMarijan	Marijan	Bekavac	M
HR	BelJeanPierre	Jean Pierre	Bel	U
HR	BeljakKrešo	Krešo	Beljak	M
HR	BeljoLučićRužica	Ružica	Beljo Lučić	U
HR	BenićNevenka	Nevenka	Benić	U
HR	BenčićJosip	Josip	Benčić	M
HR	BenčićSandra	Sandra	Benčić	F
HR	BenčićTerezija	Terezija	Benčić	U
HR	BernardićDavor	Davor	Bernardić	M
HR	BerošVili	Vili	Beroš	M
HR	BeusRichemberghGoran	Goran	Beus Richembergh	M
HR	BečićNevenka	Nevenka	Bečić	F
HR	BigaFriganovićSnježana	Snježana	Biga-Friganović	F
HR	BigovićŽeljko	Željko	Bigović	U
HR	BilaverJosip	Josip	Bilaver	M
HR	BilekVladimir	Vladimir	Bilek	M
HR	BilićDanira	Danira	Bilić	F
HR	BilićDubravko	Dubravko	Bilić	M
HR	BilićTonči	Tonči	Bilić	M
HR	BilićVardićSuzana	Suzana	Bilić Vardić	F
HR	BilonjićMato	Mato	Bilonjić	M
HR	BitunjacJure	Jure	Bitunjac	M
HR	BiškupićBožo	Božo	Biškupić	M
HR	BiščevićHidajet	Hidajet	Biščević	U
HR	BlažekovićBoris	Boris	Blažeković	M
HR	BlaževićAnamarija	Anamarija	Blažević	F
HR	BlaževićDavor	Davor	Blažević	U
HR	BlaževićJadranka	Jadranka	Blažević	U
HR	BobanBlaženko	Blaženko	Boban	M
HR	BobanTomislav	Tomislav	Boban	U
HR	BodakošDragutin	Dragutin	Bodakoš	M
HR	BogdanLuka	Luka	Bogdan	U
HR	BogovićIvan	Ivan	Bogović	M
HR	BolfekMirko	Mirko	Bolfek	U
HR	BoljunčićValter	Valter	Boljunčić	M
HR	BorasFlorijan	Florijan	Boras	M
HR	BorićJosip	Josip	Borić	M
HR	BorićRada	Rada	Borić	F
HR	BorrellFontellesJosep	Josep	Borrel Fontelles	U
HR	BorzanBiljana	Biljana	Borzan	F
HR	BošnjakDinko	Dinko	Bošnjak	M
HR	BošnjakIvica	Ivica	Bošnjak	U
HR	BošnjakRade	Rade	Bošnjak	M
HR	BošnjakSanja	Sanja	Bošnjak	U
HR	BošnjakovićDražen	Dražen	Bošnjaković	M
HR	BožanićTonči	Tonči	Božanić	U
HR	BožikovVelimir	Velimir	Božikov	U
HR	BožinovićDavor	Davor	Božinović	M
HR	BrasseurAnne	Anne	Brasseur	U
HR	BrdarićLjubica	Ljubica	Brdarić	F
HR	BreglecDražen	Dražen	Breglec	U
HR	BrkanJure	Jure	Brkan	M
HR	BrkarićMarin	Marin	Brkarić	M
HR	BrkićMilijan	Milijan	Brkić	M
HR	BrletićMate	Mate	Brletić	M
HR	BrnadićMirjana	Mirjana	Brnadić	F
HR	BrnjacNikolina	Nikolina	Brnjac	U
HR	BrstiloMate	Mate	Brstilo	U
HR	BrumnićZvane	Zvane	Brumnić	M
HR	BrčićLuka	Luka	Brčić	M
HR	BubaloKrešimir	Krešimir	Bubalo	M
HR	BubićIvan	Ivan	Bubić	U
HR	BuconjićIvica	Ivica	Buconjić	M
HR	BudalićIvan	Ivan	Budalić	M
HR	BudimirMarija	Marija	Budimir	F
HR	BukKristijan	Kristijan	Buk	U
HR	BukaricaIvan	Ivan	Bukarica	U
HR	BukićPerica	Perica	Bukić	M
HR	BuljMiro	Miro	Bulj	M
HR	BuljanAjelićIvana	Ivana	Buljan Ajelić	U
HR	BuljevićJosip	Josip	Buljević	U
HR	BunetaAnđelka	Anđelka	Buneta	U
HR	BunjacBranimir	Branimir	Bunjac	M
HR	BurićDinko	Dinko	Burić	M
HR	BurićMajda	Majda	Burić	F
HR	ButerinVesna	Vesna	Buterin	F
HR	ButkovićOleg	Oleg	Butković	M
HR	BućanKajo	Kajo	Bućan	M
HR	BušićZdravka	Zdravka	Bušić	F
HR	CaparinKarmela	Karmela	Caparin	F
HR	CappelliGari	Gari	Cappelli	M
HR	CeljakIvan	Ivan	Celjak	M
HR	CerovacMladen	Mladen	Cerovac	U
HR	CesarikMarijan	Marijan	Cesarik	U
HR	CrkvenacMato	Mato	Crkvenac	M
HR	CrljenkoBrankica	Brankica	Crljenko	F
HR	CrnogoracDragan	Dragan	Crnogorac	M
HR	CrnojaMijo	Mijo	Crnoja	U
HR	CulejStevo	Stevo	Culej	M
HR	CvetnićSlavko	Slavko	Cvetnić	U
HR	CvitanDinko	Dinko	Cvitan	U
HR	CvjetovićLjiljana	Ljiljana	Cvjetović	F
HR	DalićMartina	Martina	Dalić	F
HR	DamjanacAda	Ada	Damjanac	F
HR	DamjanovićIvan	Ivan	Damjanović	U
HR	DamjanovićŠtefanija	Štefanija	Damjanović	F
HR	DausEmil	Emil	Daus	M
HR	DeHoopaScheferJaap	Jaap	De Hoopa Schefer	U
HR	DemetlikaTulio	Tulio	Demetlika	M
HR	DemoMiodrag	Miodrag	Demo	M
HR	DenonaLuka	Luka	Denona	M
HR	DeurAnte	Ante	Deur	M
HR	DidovićMirjana	Mirjana	Didović	F
HR	DivjakBlaženka	Blaženka	Divjak	U
HR	DobrovićSlaven	Slaven	Dobrović	M
HR	DodigGoran	Goran	Dodig	M
HR	DokozaHrvoje	Hrvoje	Dokoza	U
HR	DolencHrvoje	Hrvoje	Dolenc	U
HR	DorićMiljenko	Miljenko	Dorić	M
HR	DragovanIgor	Igor	Dragovan	M
HR	DrandićValter	Valter	Drandić	M
HR	DretarDavor	Davor	Dretar	M
HR	DrevenBudinskiNadica	Nadica	Dreven Budinski	F
HR	DrmićIvan	Ivan	Drmić	M
HR	DrobnjakVladimir	Vladimir	Drobnjak	U
HR	DrpićAnte	Ante	Drpić	U
HR	DružakTomislav	Tomislav	Družak	U
HR	DružićIvo	Ivo	Družić	U
HR	DujmovićVukovićMarina	Marina	Dujmović Vuković	U
HR	DulibićTomislav	Tomislav	Dulibić	U
HR	DumbovićDarinko	Darinko	Dumbović	M
HR	ErlićŠime	Šime	Erlić	U
HR	EsihBruna	Bruna	Esih	F
HR	FabijanićErik	Erik	Fabijanić	M
HR	FabijančićKrižanićVesna	Vesna	Fabijančić Križanić	F
HR	FazekašIgor	Igor	Fazekaš	M
HR	FelakDamir	Damir	Felak	M
HR	FerenčakSrećko	Srećko	Ferenčak	M
HR	FerićVacMirjana	Mirjana	Ferić-Vac	F
HR	FilipovićDavor	Davor	Filipović	U
HR	FilipovićIlija	Ilija	Filipović	M
HR	FilipovićKrešo	Krešo	Filipović	M
HR	FilipovićMirko	Mirko	Filipović	M
HR	FiolićStjepan	Stjepan	Fiolić	M
HR	FiolićŽeljko	Željko	Fiolić	M
HR	FičorMiljenko	Miljenko	Fičor	U
HR	FlegoGvozdenSrećko	Gvozden Srećko	Flego	M
HR	FortunaVišnja	Višnja	Fortuna	F
HR	FranićZdenko	Zdenko	Franić	M
HR	FrankovićMato	Mato	Franković	M
HR	FrasBojan	Bojan	Fras	U
HR	FriganovićRuđer	Ruđer	Friganović	U
HR	FriščićJosip	Josip	Friščić	M
HR	FuchsRadovan	Radovan	Fuchs	U
HR	FučekKatarina	Katarina	Fuček	F
HR	GabelicaŠupljikaMarija	Marija	Gabelica Šupiljka	U
HR	GabrićStipo	Stipo	Gabrić	M
HR	GajicaRatko	Ratko	Gajica	M
HR	GalićMirko	Mirko	Galić	U
HR	GalićTomo	Tomo	Galić	U
HR	GavranMato	Mato	Gavran	M
HR	GaćaBiljana	Biljana	Gaća	F
HR	GaćinaGašper	Gašper	Gaćina	U
HR	GašparovićVilena	Vilena	Gašparović	U
HR	GašparovičIvan	Ivan	Gašparovič	U
HR	GeloJakov	Jakov	Gelo	U
HR	GeričićBorisJakov	Boris Jakov	Geričić	U
HR	GjurkovićSrđan	Srđan	Gjurković	M
HR	GlamuzinaKatica	Katica	Glamuzina	F
HR	GlamuzinaMladenka	Mladenka	Glamuzina	U
HR	GlasnovićŽeljko	Željko	Glasnović	M
HR	GlasovacSabina	Sabina	Glasovac	F
HR	GlavakSunčana	Sunčana	Glavak	F
HR	GlavašBranimir	Branimir	Glavaš	M
HR	GlavaševićBojan	Bojan	Glavašević	M
HR	GlavinaDragutin	Dragutin	Glavina	M
HR	GlavinaTonči	Tonči	Glavina	U
HR	GlunčićMatko	Matko	Glunčić	U
HR	GolemAnteZvonimir	Ante Zvonimir	Golem	U
HR	GoršićŽeljko	Željko	Goršić	U
HR	GospočićAlen	Alen	Gospočić	U
HR	GotovacViktor	Viktor	Gotovac	U
HR	GrabarKitarovićKolinda	Kolinda	Grabar-Kitarović	F
HR	GrasTerezija	Terezija	Gras	U
HR	GrbaBujevićMaja	Maja	Grba-Bujević	F
HR	GrbavacDamir	Damir	Grbavac	U
HR	GrbinPeđa	Peđa	Grbin	M
HR	GrbićIvo	Ivo	Grbić	M
HR	GredeljMarijan	Marijan	Gredelj	U
HR	GrgićBranko	Branko	Grgić	U
HR	GrgićVinko	Vinko	Grgić	M
HR	GrlićRadmanGordan	Gordan	Grlić Radman	M
HR	GrmanKizivatMartina	Martina	Grman Kizivat	F
HR	GrmojaNikola	Nikola	Grmoja	M
HR	GrubišinMaja	Maja	Grubišin	U
HR	GrubišićBoro	Boro	Grubišić	M
HR	GrubišićIvan	Ivan	Grubišić	M
HR	GrčićBranko	Branko	Grčić	M
HR	GrčićStanko	Stanko	Grčić	M
HR	GršićBernard	Bernard	Gršić	U
HR	GulićKrešimir	Krešimir	Gulić	M
HR	HabekMario	Mario	Habek	M
HR	HabijanDamir	Damir	Habijan	M
HR	HajdašDončićSiniša	Siniša	Hajdaš Dončić	M
HR	HajdukDamir	Damir	Hajduk	U
HR	HajdukovićDomagoj	Domagoj	Hajduković	M
HR	HanžekGordan	Gordan	Hanžek	U
HR	HanžekIvan	Ivan	Hanžek	M
HR	HaramijaZdenko	Zdenko	Haramija	M
HR	HasanbegovićZlatko	Zlatko	Hasanbegović	M
HR	HebrangAndrija	Andrija	Hebrang	F
HR	HefferGoran	Goran	Heffer	M
HR	HermanSandra	Sandra	Herman	U
HR	HermanVilim	Vilim	Herman	M
HR	HlačaBojan	Bojan	Hlača	M
HR	HodžićNedžad	Nedžad	Hodžić	M
HR	HolyMirela	Mirela	Holy	F
HR	HorvatDarko	Darko	Horvat	M
HR	HorvatMile	Mile	Horvat	M
HR	HorvatZlatko	Zlatko	Horvat	M
HR	HrebakDario	Dario	Hrebak	M
HR	HreljaSilvano	Silvano	Hrelja	M
HR	HrgBranko	Branko	Hrg	M
HR	HrvatinBranko	Branko	Hrvatin	U
HR	HrvojŠipekZlata	Zlata	Hrvoj Šipek	U
HR	HursaDanica	Danica	Hursa	F
HR	HuškaDavor	Davor	Huška	M
HR	IkićBaničekKristina	Kristina	Ikić-Baniček	F
HR	IlićMarija	Marija	Ilić	F
HR	IlčićLadislav	Ladislav	Ilčić	M
HR	IvanišNikola	Nikola	Ivaniš	M
HR	IvankovićKneževićKatarina	Katarina	Ivanković Knežević	U
HR	IvanovićGoran	Goran	Ivanović	M
HR	IvančićJure	Jure	Ivančić	U
HR	IvasRade	Rade	Ivas	M
HR	IvezićGrga	Grga	Ivezić	U
HR	IvićTomislav	Tomislav	Ivić	M
HR	IvičićRatomir	Ratomir	Ivičić	U
HR	IvkovićVladimir	Vladimir	Ivković	M
HR	IvčevićTonka	Tonka	Ivčević	F
HR	JadroDubravka	Dubravka	Jadro	U
HR	JakirBajoIvana	Ivana	Jakir Bajo	U
HR	JakopZdravko	Zdravko	Jakop	U
HR	JakovinaTihomir	Tihomir	Jakovina	M
HR	JakšićMišel	Mišel	Jakšić	M
HR	JandrokovićGordan	Gordan	Jandroković	M
HR	JanićStanko	Stanko	Janić	U
HR	JanjićŽelimir	Želimir	Janjić	U
HR	JankovicsRobert	Robert	Jankovics	M
HR	JarnjakIvan	Ivan	Jarnjak	M
HR	JeckovDragana	Dragana	Jeckov	F
HR	JelavićMila	Mila	Jelavić	U
HR	JelašNadica	Nadica	Jelaš	F
HR	JelenićDražen	Dražen	Jelenić	U
HR	JelečevićPerica	Perica	Jelečević	M
HR	JelićDamir	Damir	Jelić	M
HR	JelićDragan	Dragan	Jelić	U
HR	JelkovacMarija	Marija	Jelkovac	F
HR	JelkovacVlado	Vlado	Jelkovac	M
HR	JelušićIvo	Ivo	Jelušić	M
HR	JenkačSiniša	Siniša	Jenkač	M
HR	JerkovićRomana	Romana	Jerković	F
HR	JerneićBranimir	Branimir	Jerneić	U
HR	JerolimovAnte	Ante	Jerolimov	M
HR	JežekDamir	Damir	Ježek	U
HR	JosipovićIvo	Ivo	Josipović	M
HR	JosićŽeljka	Željka	Josić	F
HR	JovanovićŽeljko	Željko	Jovanović	M
HR	JuhasŠandor	Šandor	Juhas	M
HR	JukićDarko	Darko	Jukić	U
HR	JukićVlado	Vlado	Jukić	M
HR	JungwirthOto	Oto	Jungwirth	U
HR	JurekovićTomislav	Tomislav	Jureković	U
HR	JuretićBernardica	Bernardica	Juretić	U
HR	JuricaNeven	Neven	Jurica	M
HR	JuričevMartinčevBranka	Branka	Juričev-Martinčev	F
HR	JurišićDarijo	Darijo	Jurišić	U
HR	JurjevićMarin	Marin	Jurjević	M
HR	JurkinIvan	Ivan	Jurkin	M
HR	JurkovićDražen	Dražen	Jurković	U
HR	JurkovićMilan	Milan	Jurković	M
HR	JurlinaAlibegovićDubravka	Dubravka	Jurlina Alibegović	U
HR	JurčićLjubo	Ljubo	Jurčić	M
HR	JuščenkoViktor	Viktor	Juščenko	U
HR	KajinDamir	Damir	Kajin	M
HR	KajmovićAlen	Alen	Kajmović	U
HR	KajtaziVeljko	Veljko	Kajtazi	M
HR	KalinićPavle	Pavle	Kalinić	U
HR	KalmetaBožidar	Božidar	Kalmeta	M
HR	KapraljevićAntun	Antun	Kapraljević	M
HR	KapulicaMario	Mario	Kapulica	M
HR	KaramarkoTomislav	Tomislav	Karamarko	M
HR	KarlićMladen	Mladen	Karlić	M
HR	KatalinićJosip	Josip	Katalinić	M
HR	KatavićVedran	Vedran	Katavić	U
HR	KatićŽarko	Žarko	Katić	U
HR	KatičićKrunoslav	Krunoslav	Katičić	M
HR	KačanMate	Mate	Kačan	U
HR	KašnjarPutarRenata	Renata	Kašnjar Putar	U
HR	KedžoZdravko	Zdravko	Kedžo	U
HR	KekinIvana	Ivana	Kekin	F
HR	KelićZdravko	Zdravko	Kelić	M
HR	KerumŽeljko	Željko	Kerum	M
HR	KesićŠapićTajana	Tajana	Kesić Šapić	U
HR	KesonjaDijana	Dijana	Kesonja	U
HR	KevićMaja	Maja	Kević	U
HR	KirinIvan	Ivan	Kirin	M
HR	KirinIvica	Ivica	Kirin	U
HR	KlaićNikolina	Nikolina	Klaić	U
HR	KlarinIvan	Ivan	Klarin	M
HR	KlarićAnte	Ante	Klarić	U
HR	KlarićNedjeljka	Nedjeljka	Klarić	F
HR	KlarićTomislav	Tomislav	Klarić	M
HR	KlasićDarko	Darko	Klasić	M
HR	KlemIvica	Ivica	Klem	M
HR	KlemenićBoris	Boris	Klemenić	M
HR	KlepoMićo	Mićo	Klepo	U
HR	KlešićIvan	Ivan	Klešić	U
HR	KlimanAnton	Anton	Kliman	M
HR	KlisovićJoško	Joško	Klisović	M
HR	KlobučićMario	Mario	Klobučić	M
HR	KolarIvan	Ivan	Kolar	M
HR	KolarŽeljko	Željko	Kolar	M
HR	KolarekLjubomir	Ljubomir	Kolarek	M
HR	KolmanIgor	Igor	Kolman	M
HR	KomadinaZlatko	Zlatko	Komadina	M
HR	KomarZoran	Zoran	Komar	U
HR	KomesMagdalena	Magdalena	Komes	F
HR	KomparićDevčićAna	Ana	Komparić Devčić	F
HR	KontrecDamir	Damir	Kontrec	U
HR	KončevskiTomislav	Tomislav	Končevski	M
HR	KopalRobert	Robert	Kopal	U
HR	KopićVlatko	Vlatko	Kopić	M
HR	KoracaDaglas	Daglas	Koraca	U
HR	KoračevićZlatko	Zlatko	Koračević	M
HR	KorenikaMiroslav	Miroslav	Korenika	M
HR	KorušecAntun	Antun	Korušec	M
HR	KosorDarinko	Darinko	Kosor	M
HR	KosorJadranka	Jadranka	Kosor	F
HR	KostelićJanica	Janica	Kostelić	U
HR	KostovićIvica	Ivica	Kostović	U
HR	KotromanovićAnte	Ante	Kotromanović	M
HR	KovačMiro	Miro	Kovač	M
HR	KovačStjepan	Stjepan	Kovač	M
HR	KovačevAnton	Anton	Kovačev	U
HR	KovačevićDragan	Dragan	Kovačević	M
HR	KovačevićKruno	Kruno	Kovačević	U
HR	KovačevićPero	Pero	Kovačević	M
HR	KovačevićTomislav	Tomislav	Kovačević	U
HR	KovačevićZrinka	Zrinka	Kovačević	U
HR	KovačićBorislav	Borislav	Kovačić	M
HR	KovačićIvan	Ivan	Kovačić	M
HR	KovačićMiroslav	Miroslav	Kovačić	U
HR	KozinaStjepan	Stjepan	Kozina	M
HR	KozlevacDino	Dino	Kozlevac	M
HR	KošišaČičinŠainAlenka	Alenka	Košiša Čičin-Šain	F
HR	KragićBruno	Bruno	Kragić	U
HR	KraljićTihana	Tihana	Kraljić	U
HR	KraljičakŽeljko	Željko	Kraljičak	U
HR	KraljičkovićJosip	Josip	Kraljičković	U
HR	KramarićZlatko	Zlatko	Kramarić	M
HR	KrapljanŽeljko	Željko	Krapljan	M
HR	KrasićŠima	Šima	Krasić	U
HR	KregarJosip	Josip	Kregar	M
HR	KrešićMario	Mario	Krešić	U
HR	KristićMaro	Maro	Kristić	M
HR	KrištofMarko	Marko	Krištof	U
HR	KrižanićJosip	Josip	Križanić	M
HR	KrmekZdravko	Zdravko	Krmek	U
HR	KrnićJosip	Josip	Krnić	M
HR	KrpanSandra	Sandra	Krpan	F
HR	KrstičevićDamir	Damir	Krstičević	M
HR	KrstulovićOparaAndro	Andro	Krstulović Opara	M
HR	KrvišekMiljenko	Miljenko	Krvišek	U
HR	KuduzTugomir	Tugomir	Kuduz	M
HR	KuharMaja	Maja	Kuhar	U
HR	KujundžićAnte	Ante	Kujundžić	M
HR	KujundžićMilan	Milan	Kujundžić	M
HR	KulićMakarSanda	Sanda	Kulić Makar	F
HR	KulušićAnte	Ante	Kulušić	M
HR	KundićStjepan	Stjepan	Kundić	M
HR	KunstBoris	Boris	Kunst	M
HR	KuprešakŽeljko	Željko	Kuprešak	U
HR	KurelićBruno	Bruno	Kurelić	M
HR	KurečićVladimir	Vladimir	Kurečić	M
HR	KurtovŽeljko	Željko	Kurtov	M
HR	KustićMarijan	Marijan	Kustić	M
HR	KuterovacKrešimir	Krešimir	Kuterovac	U
HR	KutijaBranko	Branko	Kutija	M
HR	KuzmanićMatko	Matko	Kuzmanić	M
HR	KuščevićLovro	Lovro	Kuščević	M
HR	KönigSonja	Sonja	König	F
HR	LackoFranjo	Franjo	Lacko	U
HR	LackovićŽeljko	Željko	Lacković	M
HR	LagosEscobarRicardo	Ricardo	Lagos Escobar	U
HR	LalićLjubica	Ljubica	Lalić	F
HR	LalovacBoris	Boris	Lalovac	M
HR	LazićSvjetlana	Svjetlana	Lazić	F
HR	LeakovićKarolina	Karolina	Leaković	F
HR	LedererAna	Ana	Lederer	U
HR	LedinskiDarko	Darko	Ledinski	M
HR	LedinskiŽeljko	Željko	Ledinski	M
HR	LekajPrljaskajErmina	Ermina	Lekaj Prljaskaj	F
HR	LekoJosip	Josip	Leko	M
HR	LelićRuža	Ruža	Lelić	F
HR	LenartŽeljko	Željko	Lenart	M
HR	LerotićMarin	Marin	Lerotić	M
HR	LesarDragutin	Dragutin	Lesar	M
HR	LeticaSlaven	Slaven	Letica	M
HR	LeverićAlen	Alen	Leverić	U
HR	LinićSlavko	Slavko	Linić	M
HR	LiovićDarko	Darko	Liović	U
HR	LipošćakTomislav	Tomislav	Lipošćak	M
HR	LivakovićZdravko	Zdravko	Livaković	U
HR	LjevakZdenko	Zdenko	Ljevak	U
HR	LjubanovićDavor	Davor	Ljubanović	U
HR	LjubićBožo	Božo	Ljubić	M
HR	LjubičićNeven	Neven	Ljubičić	U
HR	LjubičićVišnja	Višnja	Ljubičić	U
HR	LončarDavor	Davor	Lončar	M
HR	LončarIvo	Ivo	Lončar	M
HR	LončaricaStjepan	Stjepan	Lončarica	U
HR	LorencinDarko	Darko	Lorencin	U
HR	LovrinAna	Ana	Lovrin	F
HR	LovrinovićIvan	Ivan	Lovrinović	M
HR	LovrićMerzelMarina	Marina	Lovrić Merzel	F
HR	LozančićJosip	Josip	Lozančić	U
HR	LucPolancMarta	Marta	Luc-Polanc	F
HR	LucićFranjo	Franjo	Lucić	M
HR	LucićZdenko	Zdenko	Lucić	U
HR	LugarićMarija	Marija	Lugarić	F
HR	LukačKoritnikGordana	Gordana	Lukać Koritnik	U
HR	LukačićLjubica	Ljubica	Lukačić	F
HR	LukinaKezićLidija	Lidija	Lukina Kezić	U
HR	LučinPero	Pero	Lučin	U
HR	LučinŠime	Šime	Lučin	M
HR	LučićDražen	Dražen	Lučić	U
HR	LučićIgor	Igor	Lučić	U
HR	MadjerMladen	Mladen	Madjer	M
HR	MagašDunja	Dunja	Magaš	U
HR	MajdakTugomir	Tugomir	Majdak	U
HR	MajdenićNevenka	Nevenka	Majdenić	F
HR	MakNikola	Nikola	Mak	M
HR	MakarBožica	Božica	Makar	F
HR	MaksimčukLjubica	Ljubica	Maksimčuk	F
HR	MalenicaIvan	Ivan	Malenica	M
HR	MaletićIvana	Ivana	Maletić	F
HR	MaletićČedo	Čedo	Maletić	U
HR	MaltarZdravko	Zdravko	Maltar	M
HR	MalčićJurica	Jurica	Malčić	U
HR	MamićStipe	Stipe	Mamić	U
HR	ManceAnton	Anton	Mance	M
HR	MandarićMarin	Marin	Mandarić	M
HR	MandićIvica	Ivica	Mandić	M
HR	MarasGordan	Gordan	Maras	M
HR	MarasovićDujomir	Dujomir	Marasović	M
HR	MarasovićJakša	Jakša	Marasović	M
HR	MarelićMladen	Mladen	Marelić	M
HR	MarendićBožo	Božo	Marendić	U
HR	MarinkovićHorvatEva	Eva	Marinković Horvar	U
HR	MarinovićNevenka	Nevenka	Marinović	F
HR	MarićAndreja	Andreja	Marić	F
HR	MarićGoran	Goran	Marić	M
HR	MarićZdravko	Zdravko	Marić	M
HR	MarkovAnte	Ante	Markov	M
HR	MarkovinovićKrunoslav	Krunoslav	Markovinović	M
HR	MarkovčićKostelacMaja	Maja	Marković Kostelac	U
HR	MarktRobert	Robert	Markt	U
HR	MartinovićJuro	Juro	Martinović	M
HR	MartinčevićJagodaMajska	Jagoda Majska	Martinčević	U
HR	MartinčevićNatalija	Natalija	Martinčević	F
HR	MartićJagoda	Jagoda	Martić	F
HR	MartićRelja	Relja	Martić	U
HR	MatakovićHrvoje	Hrvoje	Mataković	U
HR	MatekPetarPierre	Petar Pierre	Matek	U
HR	MateljanDamir	Damir	Mateljan	M
HR	MatešaZlatko	Zlatko	Mateša	U
HR	MatešićGoran	Goran	Matešić	U
HR	MatijevićVrsaljkoLjubica	Ljubica	Matijevič Vrsaljko	U
HR	MatićPredrag	Predrag	Matić	M
HR	MatičićPavao	Pavao	Matičić	U
HR	MatkovićBianca	Bianca	Matković	F
HR	MatkovićBorislav	Borislav	Matković	M
HR	MatulaVilim	Vilim	Matula	M
HR	MatulićJasna	Jasna	Matulić	F
HR	MatulovićDropulićMarina	Marina	Matulović-Dropulić	F
HR	MatušićFrano	Frano	Matušić	M
HR	MačkovićMarija	Marija	Mačković	U
HR	MađerićMargareta	Margareta	Mađerić	F
HR	MaštrukoIvica	Ivica	Maštruko	M
HR	MažarNikola	Nikola	Mažar	M
HR	MedenMilan	Milan	Meden	M
HR	MedvedTomo	Tomo	Medved	M
HR	MemediNazif	Nazif	Memedi	M
HR	MesarićKrunoslav	Krunoslav	Mesarić	U
HR	MesićJasen	Jasen	Mesić	M
HR	MetelkoZgombićAndreja	Andreja	Metelko Zgombić	U
HR	MeštrićDanijel	Danijel	Meštrić	U
HR	MihalićAnđelko	Anđelko	Mihalić	M
HR	MihotićTomislav	Tomislav	Mihotić	U
HR	MikolčićStjepan	Stjepan	Mikolčić	U
HR	MikulićAndrija	Andrija	Mikulić	M
HR	MikulićDomagoj	Domagoj	Mikulić	M
HR	MikulićMilivoj	Milivoj	Mikulić	U
HR	MikušŽigmanNataša	Nataša	Mikuš Žigman	U
HR	MilanovićZoran	Zoran	Milanović	M
HR	MilanovićLitreMarko	Marko	Milanović Litre	M
HR	MilasZvonko	Zvonko	Milas	M
HR	MilasKlarićIvana	Ivana	Milas Klarić	U
HR	MilatićIvo	Ivo	Milatić	U
HR	MiletaDanijel	Danijel	Mileta	U
HR	MiletićBoris	Boris	Miletić	M
HR	MiletićEdmond	Edmond	Miletić	U
HR	MiletićMarin	Marin	Miletić	M
HR	MilinkovićDražen	Dražen	Milinković	M
HR	MilinkovićStjepan	Stjepan	Milinković	M
HR	MilinovićDarko	Darko	Milinović	M
HR	MiličevićDavor	Davor	Miličević	M
HR	MiljenićOrsat	Orsat	Miljenić	M
HR	MiloševićBoris	Boris	Milošević	M
HR	MiloševićDomagojIvan	Domagoj Ivan	Milošević	M
HR	MimicaNeven	Neven	Mimica	M
HR	MirkovićŽeljko	Željko	Mirković	M
HR	MičićZdenko	Zdenko	Mičić	U
HR	MiševićSanja	Sanja	Mišević	U
HR	MišićIvica	Ivica	Mišić	M
HR	MladineoIvica	Ivica	Mladineo	U
HR	MlakarDavorin	Davorin	Mlakar	M
HR	MlinarićMarijan	Marijan	Mlinarić	M
HR	MlinarićPetar	Petar	Mlinarić	M
HR	MlinarićStipo	Stipo	Mlinarić	M
HR	MoharićMario	Mario	Moharić	M
HR	MoisiuAlfred	Alfred	Moisiu	U
HR	MondekarDaniel	Daniel	Mondekar	M
HR	MornarVedran	Vedran	Mornar	U
HR	MrakTaritašAnka	Anka	Mrak-Taritaš	F
HR	MrduljašDavor	Davor	Mrduljaš	U
HR	MrkonjićIvana	Ivana	Mrkonjić	U
HR	MrsićMirando	Mirando	Mrsić	M
HR	MršićZvonimir	Zvonimir	Mršić	M
HR	MršićŠime	Šime	Mršić	U
HR	MujoIvo	Ivo	Mujo	U
HR	MulićMelita	Melita	Mulić	F
HR	MurganićNada	Nada	Murganić	F
HR	MusaAnamarija	Anamarija	Musa	U
HR	MučnjakBranko	Branko	Mučnjak	U
HR	NakićDario	Dario	Nakić	U
HR	NapolitanoGiorgio	Giorgio	Napolitano	U
HR	NazorAnte	Ante	Nazor	U
HR	NađVesna	Vesna	Nađ	F
HR	NađiDavor	Davor	Nađi	M
HR	NekićDarko	Darko	Nekić	U
HR	NekićHrvoje	Hrvoje	Nekić	M
HR	NemetKatarina	Katarina	Nemet	F
HR	NenadićŽeljko	Željko	Nenadić	M
HR	NenadićŽivko	Živko	Nenadić	M
HR	NikolićDorica	Dorica	Nikolić	U
HR	NikolićRomana	Romana	Nikolić	F
HR	NinčevićLesandrićIvana	Ivana	Ninčević-Lesandrić	F
HR	NobiloMario	Mario	Nobilo	U
HR	NovakJagoda	Jagoda	Novak	U
HR	NovakMladen	Mladen	Novak	M
HR	NovakovićNataša	Nataša	Novaković	U
HR	NovoselBarica	Barica	Novosel	U
HR	NovoselecDinko	Dinko	Novoselec	U
HR	ObradovićMazalTamara	Tamara	Obradović Mazal	U
HR	ObuljenKoržinekNina	Nina	Obuljen Koržinek	F
HR	OkrošaTomislav	Tomislav	Okroša	M
HR	OpačakBilićMarina	Marina	Opačak Bilić	F
HR	OpačićMilanka	Milanka	Opačić	F
HR	OrepićVlaho	Vlaho	Orepić	M
HR	OreškovićDalija	Dalija	Orešković	F
HR	OreškovićTihomir	Tihomir	Orešković	U
HR	OstojićRajko	Rajko	Ostojić	M
HR	OstojićRanko	Ranko	Ostojić	M
HR	OstojićVeljko	Veljko	Ostojić	U
HR	PÖtteringHansGert	Hans Gert	P. Öttering	U
HR	PaladinaIvan	Ivan	Paladina	U
HR	PalarićAntun	Antun	Palarić	U
HR	PalićDean	Dean	Palić	U
HR	PaljakTomislav	Tomislav	Paljak	U
HR	PandekDraženko	Draženko	Pandek	M
HR	PanenićTomislav	Tomislav	Panenić	M
HR	PankretićBožidar	Božidar	Pankretić	M
HR	PančićIvica	Ivica	Pančić	M
HR	ParaćFrano	Frano	Parać	U
HR	ParićDarko	Darko	Parić	M
HR	ParolinPietro	Pietro	Parolin	U
HR	PartlKrešimir	Krešimir	Partl	U
HR	PaseckyBranimir	Branimir	Pasecky	M
HR	PatrljVesna	Vesna	Patrlj	U
HR	PavelićKrešimir	Krešimir	Pavelić	U
HR	PavićMarko	Marko	Pavić	M
HR	PavićŽeljko	Željko	Pavić	M
HR	PavičićVukičevićJelena	Jelena	Pavičić-Vukičević	F
HR	PavlakovićMiljenko	Miljenko	Pavlaković	U
HR	PavlicŽeljko	Željko	Pavlic	M
HR	PavličekMarijan	Marijan	Pavliček	M
HR	PavličevićVlasta	Vlasta	Pavličević	U
HR	PecekŽeljko	Željko	Pecek	M
HR	PecnikJaroslav	Jaroslav	Pecnik	M
HR	PejnovićMladen	Mladen	Pejnović	U
HR	PejčinovićBurićMarija	Marija	Pejčinović Burić	F
HR	PekečKneževićMira	Mira	Pekeč Knežević	U
HR	PelivanStipetićLidija	Lidija	Pelivan Stipetić	U
HR	PenavaIvan	Ivan	Penava	M
HR	PenićDavor	Davor	Penić	M
HR	PeovićKatarina	Katarina	Peović	F
HR	PerićGrozdana	Grozdana	Perić	F
HR	PeričićDenis	Denis	Peričić	U
HR	PermanBiserka	Biserka	Perman	F
HR	PernarIvan	Ivan	Pernar	M
HR	PeronjaKruno	Kruno	Peronja	M
HR	PerovićIvica	Ivica	Perović	U
HR	PeruškoAnton	Anton	Peruško	M
HR	PetinAnaMarija	Ana-Marija	Petin	F
HR	PetirMarijana	Marijana	Petir	F
HR	PetrijevčaninVuksanovićIrena	Irena	Petrijevčanin Vuksanović	F
HR	PetrinaStipe	Stipe	Petrina	M
HR	PetrovBožo	Božo	Petrov	M
HR	PetrovićJakovinaSandra	Sandra	Petrović Jakovina	F
HR	PešićBukovacDorotea	Dorotea	Pešić-Bukovac	F
HR	PiculaTonino	Tonino	Picula	M
HR	PiletićMarin	Marin	Piletić	M
HR	PintarićStjepan	Stjepan	Pintarić	M
HR	PiplovićFrano	Frano	Piplović	M
HR	PirnatDragičevićHelenca	Helenca	Pirnat Dragičević	U
HR	PičuljanZoran	Zoran	Pičuljan	U
HR	PlančićĐurđica	Đurđica	Plančić	F
HR	PlavšaMatićCvjetana	Cvjetana	Plavša Matić	U
HR	PlazonićAnte	Ante	Plazonić	U
HR	PlazonićŽeljko	Željko	Plazonić	M
HR	PlenkovićAndrej	Andrej	Plenković	M
HR	PleskaltMaja	Maja	Pleskalt	U
HR	PletikosaMarija	Marija	Pletikosa	U
HR	PlešaVelimir	Velimir	Pleša	M
HR	PlešeNenad	Nenad	Pleše	M
HR	PleškoVladimir	Vladimir	Pleško	M
HR	PocrnićRadoševićAnita	Anita	Pocrnić-Radošević	F
HR	PodnarVlatko	Vlatko	Podnar	M
HR	PodolnjakRobert	Robert	Podolnjak	M
HR	PodrugŽeljana	Željana	Podrug	F
HR	PolančecDamir	Damir	Polančec	M
HR	PoljičakIvica	Ivica	Poljičak	U
HR	PopijačĐuro	Đuro	Popijač	M
HR	PopovacJosip	Josip	Popovac	U
HR	PopovićNikola	Nikola	Popović	U
HR	PoropatValter	Valter	Poropat	M
HR	PosavacVanja	Vanja	Posavac	F
HR	PosavecKrivecIvana	Ivana	Posavec Krivec	F
HR	PrahMatjaž	Matjaž	Prah	U
HR	PranićAnte	Ante	Pranić	U
HR	PrelecAlen	Alen	Prelec	M
HR	PrelecLeo	Leo	Prelec	U
HR	PrgometDrago	Drago	Prgomet	M
HR	PricaDomagoj	Domagoj	Prica	M
HR	PrimoracDragan	Dragan	Primorac	M
HR	PrimoracMarko	Marko	Primorac	U
HR	PrkačinAnte	Ante	Prkačin	M
HR	ProsDražen	Dražen	Pros	M
HR	PrpićKatica	Katica	Prpić	U
HR	PrtenjačaŠime	Šime	Prtenjača	M
HR	PuhMarija	Marija	Puh	F
HR	PuklešDragutin	Dragutin	Pukleš	M
HR	PuljakMarijana	Marijana	Puljak	F
HR	PuljašićDarko	Darko	Puljašić	M
HR	PuljizJakša	Jakša	Puljiz	U
HR	PuljićZvonimir	Zvonimir	Puljić	M
HR	PupovacMilorad	Milorad	Pupovac	M
HR	PusićVesna	Vesna	Pusić	F
HR	PuticaSanja	Sanja	Putica	F
HR	RabotegMate	Mate	Raboteg	U
HR	RadinFurio	Furio	Radin	M
HR	RadićIvan	Ivan	Radić	M
HR	RadićVinko	Vinko	Radić	U
HR	RadmanGoran	Goran	Radman	U
HR	RadmiloEster	Ester	Radmilo	U
HR	RadolovićSanja	Sanja	Radolović	F
HR	RadošJozo	Jozo	Radoš	M
HR	RagužŽeljko	Željko	Raguž	M
HR	RajićSaša	Saša	Rajić	U
HR	RajkovačaAnto	Anto	Rajkovača	U
HR	RakićMirjana	Mirjana	Rakić	U
HR	RamljakBranka	Branka	Ramljak	U
HR	RapoMarija	Marija	Rapo	F
HR	RaspudićNino	Nino	Raspudić	M
HR	RaukarGamulinUrša	Urša	Raukar-Gamulin	F
HR	RačanIvan	Ivan	Račan	M
HR	RačanIvica	Ivica	Račan	M
HR	RađenovićIgor	Igor	Rađenović	M
HR	RebićNiko	Niko	Rebić	M
HR	RegvarMato	Mato	Regvar	U
HR	ReinerŽeljko	Željko	Reiner	M
HR	RiljeDamir	Damir	Rilje	M
HR	RimacDamir	Damir	Rimac	M
HR	RimacJosipa	Josipa	Rimac	F
HR	RogošićNediljka	Nediljka	Rogošić	U
HR	RohatinskiŽeljko	Željko	Rohatinski	U
HR	RoićLuka	Luka	Roić	M
HR	RoksandićIvanka	Ivanka	Roksandić	F
HR	RomićDavor	Davor	Romić	M
HR	RonkoZdravko	Zdravko	Ronko	M
HR	RončevićBerislav	Berislav	Rončević	M
HR	RošinJerko	Jerko	Rošin	M
HR	RožićMiroslav	Miroslav	Rožić	M
HR	RožićVedran	Vedran	Rožić	M
HR	RožmanKrešimir	Krešimir	Rožman	U
HR	RudanPavao	Pavao	Rudan	U
HR	RukavinaMile	Mile	Rukavina	U
HR	RukavinaSanjin	Sanjin	Rukavina	U
HR	RukeljAnđelko	Anđelko	Rukelj	U
HR	RuntićHrvoje	Hrvoje	Runtić	M
HR	RusakGordana	Gordana	Rusak	F
HR	RussoAleksander	Aleksander	Russo	U
HR	RužinskiNikola	Nikola	Ružinski	U
HR	SabatiZvonimir	Zvonimir	Sabati	M
HR	SabljarDračevacRenata	Renata	Sabljar-Dračevac	F
HR	SaboŽeljko	Željko	Sabo	M
HR	SabolekSnježana	Snježana	Sabolek	U
HR	SabolićVesna	Vesna	Sabolić	F
HR	SalapićJosip	Josip	Salapić	M
HR	SamoborecMelita	Melita	Samoborec	F
HR	SamodolAnte	Ante	Samodol	U
HR	SanaderAnte	Ante	Sanader	M
HR	SanaderIvo	Ivo	Sanader	M
HR	SaračJozo	Jozo	Sarač	U
HR	SauchaTomislav	Tomislav	Saucha	M
HR	SavićZvonimir	Zvonimir	Savić	U
HR	SačićŽeljko	Željko	Sačić	M
HR	SelakRaspudićMarija	Marija	Selak Raspudić	F
HR	SelanacSrećko	Srećko	Selanac	U
HR	SelemPetar	Petar	Selem	M
HR	SelimovićŠenol	Šenol	Selimović	U
HR	SerdarIvan	Ivan	Serdar	U
HR	SerdarušićJozo	Jozo	Serdarušić	U
HR	SessaĐuro	Đuro	Sessa	U
HR	SesvečanDamir	Damir	Sesvečan	M
HR	SilobrčićVlatko	Vlatko	Silobrčić	U
HR	SinčićIvan	Ivan	Sinčić	M
HR	SinčićIvanVilibor	Ivan Vilibor	Sinčić	M
HR	SladoljevMarko	Marko	Sladoljev	M
HR	SlonjšakAnka	Anka	Slonjšak	U
HR	SobolGordana	Gordana	Sobol	F
HR	SobotaDarko	Darko	Sobota	M
HR	SokolTomislav	Tomislav	Sokol	M
HR	SopčićNikola	Nikola	Sopčić	M
HR	SočkovićZdravko	Zdravko	Sočković	M
HR	SpajićDaniel	Daniel	Spajić	M
HR	SpevecOlgica	Olgica	Spevec	U
HR	SponzaGiovanni	Giovanni	Sponza	M
HR	SporišMaja	Maja	Sporiš	U
HR	SrbDaniel	Daniel	Srb	M
HR	SrpakDražen	Dražen	Srpak	U
HR	StanimirovićVojislav	Vojislav	Stanimirović	M
HR	StanićPopovićMirela	Mirela	Stanić Popović	U
HR	StazićNenad	Nenad	Stazić	M
HR	StažnikŠtefica	Štefica	Stažnik	U
HR	StierDavorIvo	Davor Ivo	Stier	M
HR	StrenjaLinićInes	Ines	Strenja-Linić	F
HR	StrikićNedjeljko	Nedjeljko	Strikić	M
HR	StričakAnđelko	Anđelko	Stričak	M
HR	SudarevićNika	Nika	Sudarević	U
HR	SudecJosip	Josip	Sudec	M
HR	SumrakĐurđica	Đurđica	Sumrak	F
HR	SučecTrakoštanecIvana	Ivana	Sučec-Trakoštanec	F
HR	SušnikHerman	Herman	Sušnik	U
HR	TadićTonči	Tonči	Tadić	M
HR	TafraVišnja	Višnja	Tafra	U
HR	TankovićŠemso	Šemso	Tanković	M
HR	TepešIvan	Ivan	Tepeš	M
HR	ThurŽeljko	Željko	Thur	U
HR	TinodiBranko	Branko	Tinodi	U
HR	TireliNansi	Nansi	Tireli	F
HR	TolićIvica	Ivica	Tolić	U
HR	TolušićTomislav	Tomislav	Tolušić	M
HR	TomaševićDušan	Dušan	Tomašević	U
HR	TomaševićTomislav	Tomislav	Tomašević	M
HR	TomašićRuža	Ruža	Tomašić	F
HR	TomašićŠkevinSonja	onja	Tomašić Škevin	U
HR	TomićDamir	Damir	Tomić	M
HR	TomićTomislav	Tomislav	Tomić	M
HR	TomljanovićEmil	Emil	Tomljanović	M
HR	TomčićZlatko	Zlatko	Tomčić	M
HR	TonkovićEvelin	Evelin	Tonković	U
HR	TopićJozo	Jozo	Topić	M
HR	TopićŽeljko	Željko	Topić	U
HR	TopolkoBernarda	Bernarda	Topolko	F
HR	TotgergeliMiro	Miro	Totgergeli	M
HR	TramišakNataša	Nataša	Tramišak	F
HR	TrgovčevićPejo	Pejo	Trgovčević	M
HR	TroskotZvonimir	Zvonimir	Troskot	M
HR	TufekčićŽeljko	Željko	Tufekčić	U
HR	TuralijaMario	Mario	Turalija	U
HR	TurinaĐurićNada	Nada	Turina-Đurić	F
HR	TurićMarko	Marko	Turić	M
HR	TurkŽeljko	Željko	Turk	M
HR	TurkaljKristian	Kristian	Turkalj	U
HR	TuđmanMiroslav	Miroslav	Tuđman	M
HR	TušakZlatko	Zlatko	Tušak	M
HR	TušekZdravko	Zdravko	Tušek	U
HR	TušekŽarko	Žarko	Tušek	M
HR	UdovićSanja	Sanja	Udović	F
HR	UhlirŽeljko	Željko	Uhlir	U
HR	UzelacSlobodan	Slobodan	Uzelac	U
HR	VardaKažimir	Kažimir	Varda	M
HR	VargaSiniša	Siniša	Varga	M
HR	VasićZoran	Zoran	Vasić	M
HR	VeberJosip	Josip	Veber	U
HR	VehovecMaja	Maja	Vehovec	U
HR	VeljanoskiTrajko	Trajko	Veljanoski	U
HR	VerheugenGuenter	Guenter	Verheugen	U
HR	VešligajMarko	Marko	Vešligaj	M
HR	VicanDijana	Dijana	Vican	U
HR	VidakovićAntun	Antun	Vidaković	M
HR	VidišIvan	Ivan	Vidiš	U
HR	VidovićDavorko	Davorko	Vidović	M
HR	VidovićFranko	Franko	Vidović	M
HR	VidovićLora	Lora	Vidović	U
HR	VidovićRadoje	Radoje	Vidović	M
HR	VidovićKrištoKarolina	Karolina	Vidović Krišto	F
HR	VikićTopićDražen	Dražen	Vikić Topić	U
HR	VinceljŽeljko	Željko	Vincelj	M
HR	VinkovićZoran	Zoran	Vinković	M
HR	VlaićPetar	Petar	Vlaić	U
HR	VlaovićDavor	Davor	Vlaović	M
HR	VlašićTatjana	Tatjana	Vlašić	U
HR	VlašićIljkićMartina	Martina	Vlašić Iljkić	F
HR	VojnovićBranko	Branko	Vojnović	M
HR	VojvodićBrankaGabriela	Branka Gabriela	Vojvodić	U
HR	VranićBiserka	Biserka	Vranić	F
HR	VranješDragica	Dragica	Vranješ	U
HR	VrankovićVladimir	Vladimir	Vranković	M
HR	VrbanecVjeran	Vjeran	Vrbanec	U
HR	VrbatGrgićTanja	Tanja	Vrbat Grgić	F
HR	VrdoljakIvan	Ivan	Vrdoljak	M
HR	VrdoljakTomislav	Tomislav	Vrdoljak	M
HR	VreskJosip	Josip	Vresk	M
HR	VretenarDario	Dario	Vretenar	U
HR	VrkljanMilan	Milan	Vrkljan	M
HR	VucelićDamjan	Damjan	Vucelić	U
HR	VujecNataša	Nataša	Vujec	U
HR	VujićAntun	Antun	Vujić	M
HR	VujčićBoris	Boris	Vujčić	U
HR	VukasNikša	Nikša	Vukas	M
HR	VukelićBranko	Branko	Vukelić	M
HR	VukelićLucian	Lucian	Vukelić	U
HR	VukićDragan	Dragan	Vukić	M
HR	VukićIvan	Ivan	Vukić	U
HR	VukobratovićMarija	Marija	Vukobratović	F
HR	VukobratovićSpasojevićTatjana	Tatjana	Vukobratović Spasojević	U
HR	VukovVice	Vice	Vukov	M
HR	VukovacRužica	Ružica	Vukovac	F
HR	VukovićJovo	Jovo	Vuković	M
HR	VukovićSrećko	Srećko	Vuković	U
HR	VukšićBranko	Branko	Vukšić	M
HR	VuljanićNikola	Nikola	Vuljanić	M
HR	VučemilovićVesna	Vesna	Vučemilović	F
HR	VučetićMarko	Marko	Vučetić	M
HR	VučetićTatijana	Tatijana	Vučetić	U
HR	VučićBoris	Boris	Vučić	U
HR	VučićIvan	Ivan	Vučić	M
HR	VučkovićMarija	Marija	Vučković	U
HR	ZekanovićHrvoje	Hrvoje	Zekanović	M
HR	ZelenikaRatko	Ratko	Zelenika	U
HR	ZelenikaSaša	Saša	Zelenika	U
HR	ZgrebecDragica	Dragica	Zgrebec	F
HR	ZlatarViolićAndrea	Andrea	Zlatar Violić	U
HR	ZmaićAnkica	Ankica	Zmaić	F
HR	ZmajlovićMihael	Mihael	Zmajlović	M
HR	ZrinušićZdravko	Zdravko	Zrinušić	U
HR	ZubovićMario	Mario	Zubović	M
HR	ZulimVinko	Vinko	Zulim	M
HR	ZurovecDario	Dario	Zurovec	M
HR	ĆelićIvan	Ivan	Ćelić	M
HR	ĆorićPero	Pero	Ćorić	M
HR	ĆorićTomislav	Tomislav	Ćorić	M
HR	ĆosićKrešimir	Krešimir	Ćosić	M
HR	ĆosićPero	Pero	Ćosić	M
HR	ĆurlinVenko	Venko	Ćurlin	U
HR	ČajoDenis	Denis	Čajo	U
HR	ČavlinaNikola	Nikola	Čavlina	U
HR	ČavlovićSmiljanecNada	Nada	Čavlović Smiljanec	F
HR	ČačijaMiroslav	Miroslav	Čačija	M
HR	ČačićGordan	Gordan	Čačić	U
HR	ČačićRadimir	Radimir	Čačić	M
HR	ČehokIvan	Ivan	Čehok	M
HR	ČervarLino	Lino	Červar	M
HR	ČešekIgor	Igor	Češek	M
HR	ČikešLucija	Lucija	Čikeš	F
HR	ČikotićAnte	Ante	Čikotić	U
HR	ČikotićSonja	Sonja	Čikotić	U
HR	ČičakMato	Mato	Čičak	M
HR	ČobankovićPetar	Petar	Čobanković	M
HR	ČopJosip	Josip	Čop	U
HR	ČovićDražen	Dražen	Čović	U
HR	ČuhnilZdenka	Zdenka	Čuhnil	F
HR	ČuljakTomislav	Tomislav	Čuljak	M
HR	ČurajStjepan	Stjepan	Čuraj	M
HR	ĐakićJosip	Josip	Đakić	M
HR	ĐapićAnto	Anto	Đapić	M
HR	ĐerekNedjeljko	Nedjeljko	Đerek	U
HR	ĐujićSaša	Saša	Đujić	M
HR	ĐurašićKarlo	Karlo	Đurašić	U
HR	ĐurićSpomenka	Spomenka	Đurić	U
HR	ĐurovićDražen	Dražen	Đurović	M
HR	ĐurđevićŠimo	Šimo	Đurđević	M
HR	ŠamijaKrešimir	Krešimir	Šamija	U
HR	ŠantekIvan	Ivan	Šantek	M
HR	ŠantićDarko	Darko	Šantić	M
HR	ŠapinaStipo	Stipo	Šapina	U
HR	ŠarićJosip	Josip	Šarić	M
HR	ŠašlinStipan	Stipan	Šašlin	M
HR	ŠeksVladimir	Vladimir	Šeks	M
HR	ŠemperŽeljko	Željko	Šemper	M
HR	ŠetićNevio	Nevio	Šetić	M
HR	ŠikićNada	Nada	Šikić	U
HR	ŠikićZoran	Zoran	Šikić	U
HR	ŠiljegMario	Mario	Šiljeg	U
HR	ŠimacBonačićTatjana	Tatjana	Šimac Bonačić	F
HR	ŠimićDiana	Diana	Šimić	U
HR	ŠimićHrvoje	Hrvoje	Šimić	M
HR	ŠimićMarko	Marko	Šimić	M
HR	ŠimićMiroslav	Miroslav	Šimić	M
HR	ŠimičevićRade	Rade	Šimičević	M
HR	ŠimonovićIvan	Ivan	Šimonović	U
HR	ŠimonovićEinwalterTena	Tena	Šimonović Einwalter	U
HR	ŠimpragaAnja	Anja	Šimpraga	F
HR	ŠimunićIrena	Irena	Šimunić	F
HR	ŠimunovićIvan	Ivan	Šimunović	M
HR	ŠimunovićPjer	Pjer	Šimunović	U
HR	ŠimunovićSonja	Sonja	Šimunović	F
HR	ŠipićIvan	Ivan	Šipić	M
HR	ŠipušBerislav	Berislav	Šipuš	U
HR	ŠiracMarko	Marko	Širac	M
HR	ŠišljagićVladimir	Vladimir	Šišljagić	M
HR	ŠkareOžboltVesna	Vesna	Škare Ožbolt	F
HR	ŠkaricaMihovil	Mihovil	Škarica	U
HR	ŠkaričićIvan	Ivan	Škaričić	M
HR	ŠkibolaMarin	Marin	Škibola	M
HR	ŠkorićPetar	Petar	Škorić	M
HR	ŠkoroMiroslav	Miroslav	Škoro	M
HR	ŠkrgatićMiro	Miro	Škrgatić	U
HR	ŠkugorHrnčevićSmiljanka	Smiljanka	Škugor Hrnčević	U
HR	ŠkulićVesna	Vesna	Škulić	F
HR	ŠkvarićMarijan	Marijan	Škvarić	M
HR	ŠkvorcMilivoj	Milivoj	Škvorc	M
HR	ŠlezakHrvoje	Hrvoje	Šlezak	U
HR	ŠojaDeneš	Deneš	Šoja	M
HR	ŠolićBožica	Božica	Šolić	F
HR	ŠoršaMarija	Marija	Šorša	U
HR	ŠpanjolSnježana	Snježana	Španjol	U
HR	ŠpančićDamir	Damir	Špančić	M
HR	ŠpicerDan	Dan	Špicer	M
HR	ŠpikaMilivoj	Milivoj	Špika	M
HR	ŠpoljarDunja	Dunja	Špoljar	F
HR	ŠprahMatija	Matija	Šprah	U
HR	ŠpremBoris	Boris	Šprem	M
HR	ŠprljeAnte	Ante	Šprlje	U
HR	ŠtenglVladimir	Vladimir	Štengl	M
HR	ŠtimacMato	Mato	Štimac	M
HR	ŠtromarPredrag	Predrag	Štromar	M
HR	ŠtubeljBožidar	Božidar	Štubelj	U
HR	ŠuicaDubravka	Dubravka	Šuica	F
HR	ŠukerIvan	Ivan	Šuker	M
HR	ŠustarPredrag	Predrag	Šustar	U
HR	ŠušakIvica	Ivica	Šušak	U
HR	ŽagarTomislav	Tomislav	Žagar	M
HR	ŽalacGabrijela	Gabrijela	Žalac	U
HR	ŽambokiDanijel	Danijel	Žamboki	U
HR	ŽelježnjakVesna	Vesna	Želježnjak	F
HR	ŽganecNino	Nino	Žganec	U
HR	ŽigmanAnte	Ante	Žigman	U
HR	ŽivkoMarijana	Marijana	Živko	F
HR	ŽuljLeon	Leon	Žulj	M
HR	ŽunacVelimir	Velimir	Žunac	U
HR	ŽupanAnte	Ante	Župan	M
HR	ŽupanStipe	Stipe	Župan	U
HR	ŽužulMiomir	Miomir	Žužul	M
