country	id	surname	forename	sex
RS	AbdAli	Ali	Abd	M
RS	AckovićDragoljub	Dragoljub	Acković	M
RS	AderJanoš	Janoš	Ader	M
RS	AdžemovićNevena	Nevena	Adžemović	F
RS	AdžićSlobodan	Slobodan	Adžić	M
RS	AgatonovićBorjan	Borjan	Agatonović	M
RS	AgramuntPedro	Pedro	Agramunt	M
RS	AhmetiRamadan	Ramadan	Ahmeti	M
RS	AksentijevićDanka	Danka	Aksentijević	F
RS	AksentijevićSiniša	Siniša	Aksentijević	M
RS	AlavanjaSlobodan	Slobodan	Alavanja	M
RS	AlbijanićMiloljub	Miloljub	Albijanić	M
RS	AleksićBojana	Bojana	Aleksić	F
RS	AleksićBoris	Boris	Aleksić	M
RS	AleksićDragan	Dragan	Aleksić	M
RS	AleksićGradimir	Gradimir	Aleksić	M
RS	AleksićIrena	Irena	Aleksić	F
RS	AleksićMiroslav	Miroslav	Aleksić	M
RS	AleksićZagorka	Zagorka	Aleksić	F
RS	AligrudićMiloš	Miloš	Aligrudić	M
RS	AlimpićZoran	Zoran	Alimpić	M
RS	AnastasovAdriana	Adriana	Anastasov	F
RS	AnastasovskiDragoljub	Dragoljub	Anastasovski	M
RS	AnatoljevičMedvedevDmitrij	Dmitrij	Anatoljevič Medvedev	M
RS	AndrejevićDejan	Dejan	Andrejević	M
RS	AndrićDragan	Dragan	Andrić	M
RS	AndrićIvan	Ivan	Andrić	M
RS	AndrićMilena	Milena	Andrić	F
RS	AndrićMirjana	Mirjana	Andrić	F
RS	AndrićSvetozar	Svetozar	Andrić	M
RS	AndrićVladimir	Vladimir	Andrić	M
RS	AntićAleksandar	Aleksandar	Antić	M
RS	AntićOliver	Oliver	Antić	M
RS	AntićZoran	Zoran	Antić	M
RS	AntonBiači	Biači	Anton	M
RS	AntonijevićVladimir	Vladimir	Antonijević	M
RS	AntonijevićVuko	Vuko	Antonijević	M
RS	AnđelkovićDušica	Dušica	Anđelković	F
RS	AnđelkovićZoran	Zoran	Anđelković	M
RS	AnđelkovićZoranM	Zoran M.	Anđelković	M
RS	AranđelovićMarija	Marija	Aranđelović	F
RS	ArežinaRadovan	Radovan	Arežina	M
RS	ArnerićNeda	Neda	Arnerić	M
RS	ArsenovićKonstantin	Konstantin	Arsenović	M
RS	ArsićJoca	Joca	Arsić	M
RS	ArsićTihomir	Tihomir	Arsić	M
RS	ArsićVeroljub	Veroljub	Arsić	M
RS	AtanackovićNebojša	Nebojša	Atanacković	M
RS	AtanackovićNebojšaBoban	Nebojša-Boban	Atanacković	M
RS	AtanaskovićAnđelka	Anđelka	Atanasković	F
RS	AtilaJuhas	Juhas	Atila	M
RS	AtlagićMarko	Marko	Atlagić	M
RS	AvramovAndrijana	Andrijana	Avramov	M
RS	AvramovMita	Mita	Avramov	M
RS	AvramovićDragan	Dragan	Avramović	M
RS	AvramovićMilan	Milan	Avramović	M
RS	AćimovićDragan	Dragan	Aćimović	M
RS	BabićDragoš	Dragoš	Babić	M
RS	BabićTatjana	Tatjana	Babić	F
RS	BabićVlado	Vlado	Babić	M
RS	BabićZoran	Zoran	Babić	M
RS	BabovićJovan	Jovan	Babović	M
RS	BajatovićDušan	Dušan	Bajatović	M
RS	BajićRade	Rade	Bajić	M
RS	BajovićSnežana	Snežana	Bajović	F
RS	BajramiArđend	Arđend	Bajrami	M
RS	BajčetićPredrag	Predrag	Bajčetić	M
RS	BajčetićRade	Rade	Bajčetić	M
RS	BakarecNebojša	Nebojša	Bakarec	M
RS	BakovićTatomir	Tatomir	Baković	M
RS	BalinovacZoran	Zoran	Balinovac	M
RS	BanacGrozdana	Grozdana	Banac	F
RS	BanovićDonka	Donka	Banović	F
RS	BančevićBranka	Branka	Bančević	F
RS	BanđurMiloš	Miloš	Banđur	M
RS	BaralićRajko	Rajko	Baralić	M
RS	BaraćMilun	Milun	Barać	M
RS	BarišićDragana	Dragana	Barišić	F
RS	BarošNenad	Nenad	Baroš	M
RS	BatakovićDušan	Dušan	Bataković	M
RS	BatićOlgica	Olgica	Batić	F
RS	BatićVladan	Vladan	Batić	M
RS	BauerIvan	Ivan	Bauer	M
RS	BačevacMuamer	Muamer	Bačevac	M
RS	BačevićMilan	Milan	Bačević	M
RS	BađevićVlastimir	Vlastimir	Bađević	M
RS	BelačićAleksandra	Aleksandra	Belačić	F
RS	BelićMilorad	Milorad	Belić	M
RS	BeloicaAna	Ana	Beloica	F
RS	BeretićAnita	Anita	Beretić	F
RS	BerićNebojša	Nebojša	Berić	M
RS	BeronjaLjiljana	Ljiljana	Beronja	F
RS	BesarovićVesna	Vesna	Besarović	F
RS	BećiriNadije	Nadije	Bećiri	F
RS	BečićIgor	Igor	Bečić	M
RS	BeševićBranko	Branko	Bešević	M
RS	BiačiAnton	Anton	Biači	M
RS	BiljićVojin	Vojin	Biljić	M
RS	BinićDragiša	Dragiša	Binić	M
RS	BirmančevićBoban	Boban	Birmančević	M
RS	BićaninMilena	Milena	Bićanin	F
RS	BjelobabaĐurđina	Đurđina	Bjelobaba	F
RS	BjelogrlićSnežana	Snežana	Bjelogrlić	F
RS	BlagojevićMarko	Marko	Blagojević	M
RS	BlažićBranislav	Branislav	Blažić	M
RS	BlažićMilovan	Milovan	Blažić	M
RS	BlečićMarija	Marija	Blečić	F
RS	BogaroškiBranislav	Branislav	Bogaroški	M
RS	BogatinovićŽarko	Žarko	Bogatinović	M
RS	BogdanovićGoran	Goran	Bogdanović	M
RS	BogdanovićMarko	Marko	Bogdanović	M
RS	BogdanovićNenad	Nenad	Bogdanović	M
RS	BogosavljevićBoškovićSnežana	Snežana	Bogosavljević-Bošković	F
RS	BojanićZoran	Zoran	Bojanić	M
RS	BojićDubravko	Dubravko	Bojić	M
RS	BojićMilovan	Milovan	Bojić	M
RS	BorkovićDušan	Dušan	Borković	M
RS	BorovićBorivoje	Borivoje	Borović	M
RS	BortićZoran	Zoran	Bortić	M
RS	BozaloDragan	Dragan	Bozalo	M
RS	BoškovićDragoslav	Dragoslav	Bošković	M
RS	BoškovićMiloš	Miloš	Bošković	M
RS	BoškovićMladen	Mladen	Bošković	M
RS	BoškovićZoran	Zoran	Bošković	M
RS	BošnjakBranka	Branka	Bošnjak	F
RS	BožanićBojana	Bojana	Božanić	F
RS	BožićMilan	Milan	Božić	M
RS	BožićNenad	Nenad	Božić	M
RS	BožićSandra	Sandra	Božić	F
RS	BožićTalijanElena	Elena	Božić-Talijan	F
RS	BožovićBalša	Balša	Božović	M
RS	BožovićDragoslav	Dragoslav	Božović	M
RS	BožovićStana	Stana	Božović	F
RS	BradićBlagoje	Blagoje	Bradić	M
RS	BradićNebojša	Nebojša	Bradić	M
RS	BrajovićVojislav	Vojislav	Brajović	M
RS	BrankovićDragana	Dragana	Branković	F
RS	BraserAn	An	Braser	M
RS	BrestovačkiŽeljko	Željko	Brestovački	M
RS	BrnabićAna	Ana	Brnabić	F
RS	BrozJosip	Josip	Broz	M
RS	BubaloPredrag	Predrag	Bubalo	M
RS	BudimirMilana	Milana	Budimir	F
RS	BudimirovićDobrivoje	Dobrivoje	Budimirović	M
RS	BudimirovićJelena	Jelena	Budimirović	F
RS	BudimirovićBidžaDobrivoje	Dobrivoje	Budimirović – Bidža	M
RS	BudimovićVlastimir	Vlastimir	Budimović	M
RS	BudićZvonimir	Zvonimir	Budić	M
RS	BudišinDušan	Dušan	Budišin	M
RS	BugarčićMarija	Marija	Bugarčić	F
RS	BuhaMilorad	Milorad	Buha	M
RS	BuhaMiroslav	Miroslav	Buha	M
RS	BukvićDanica	Danica	Bukvić	F
RS	BukvićRadojle	Radojle	Bukvić	M
RS	BulajićSvetislava	Svetislava	Bulajić	M
RS	BulatovićSlaviša	Slaviša	Bulatović	M
RS	BursaćBoris	Boris	Bursać	M
RS	BuzekJirži	Jirži	Buzek	M
RS	BuđanovčaninSiniša	Siniša	Buđanovčanin	M
RS	BušetićToma	Toma	Bušetić	M
RS	CekićNenad	Nenad	Cekić	M
RS	CimešaDragomir	Dragomir	Cimeša	M
RS	CokićRadoslav	Radoslav	Cokić	M
RS	ColićMomčilo	Momčilo	Colić	M
RS	CvetanovićGoran	Goran	Cvetanović	M
RS	CvetanovićMilorad	Milorad	Cvetanović	M
RS	CvetićaninNeven	Neven	Cvetićanin	M
RS	CvetkovićDušan	Dušan	Cvetković	M
RS	CvetkovićMirko	Mirko	Cvetković	M
RS	CvetkovićPetar	Petar	Cvetković	M
RS	CvetkovićStojan	Stojan	Cvetković	M
RS	CvetkovićŽivota	Života	Cvetković	M
RS	CvijanVladimir	Vladimir	Cvijan	M
RS	DabićĐorđe	Đorđe	Dabić	M
RS	DacinŽivodarka	Živodarka	Dacin	F
RS	DajaJovan	Jovan	Daja	M
RS	DamjanovićDejan	Dejan	Damjanović	M
RS	DamjanovićJovan	Jovan	Damjanović	M
RS	DamjanovićMiljan	Miljan	Damjanović	M
RS	DamnjanovićDragi	Dragi	Damnjanović	M
RS	DanilovićMarko	Marko	Danilović	M
RS	DankAndrej	Andrej	Dank	M
RS	DavidovacTijana	Tijana	Davidovac	F
RS	DavidovićGoran	Goran	Davidović	M
RS	DavidovićLjubivoje	Ljubivoje	Davidović	M
RS	DazdarevićSabina	Sabina	Dazdarević	F
RS	DačićIvica	Ivica	Dačić	M
RS	DačićMilica	Milica	Dačić	F
RS	DelevićMilica	Milica	Delević	F
RS	DelibašićZorana	Zorana	Delibašić	F
RS	DelićBožidar	Božidar	Delić	M
RS	DeretaMiljenko	Miljenko	Dereta	M
RS	DeretićJovan	Jovan	Deretić	M
RS	DespotovićZoran	Zoran	Despotović	M
RS	DeđanskiStevica	Stevica	Deđanski	M
RS	DeđiangDžang	Džang	Deđiang	M
RS	DimitrijevićBojan	Bojan	Dimitrijević	M
RS	DimitrijevićLidija	Lidija	Dimitrijević	F
RS	DimitrijevićMilan	Milan	Dimitrijević	M
RS	DimitrijevićMilić	Milić	Dimitrijević	M
RS	DimitrijevićNinoslav	Ninoslav	Dimitrijević	M
RS	DimitrijuAnita	Anita	Dimitriju	F
RS	DimitrovVladica	Vladica	Dimitrov	M
RS	DimićDragan	Dragan	Dimić	M
RS	DinićIvana	Ivana	Dinić	F
RS	DinićVoja	Voja	Dinić	M
RS	DinkićMlađan	Mlađan	Dinkić	M
RS	DinčićVuk	Vuk	Dinčić	M
RS	DizdarevićFaruk	Faruk	Dizdarević	M
RS	DišićMiloš	Miloš	Dišić	M
RS	DišićMiodrag	Miodrag	Dišić	M
RS	DmitrovićRadomir	Radomir	Dmitrović	M
RS	DobrićDobrosav	Dobrosav	Dobrić	M
RS	DobrosavljevićVladimir	Vladimir	Dobrosavljević	M
RS	DolovacZagorka	Zagorka	Dolovac	F
RS	DomazetDragan	Dragan	Domazet	M
RS	DotorovićDragan	Dragan	Dotorović	M
RS	DragašMirjana	Mirjana	Dragaš	F
RS	DraginSaša	Saša	Dragin	M
RS	DragišićStevo	Stevo	Dragišić	M
RS	DragišićZoran	Zoran	Dragišić	M
RS	DragojevićHelijana	Helijana	Dragojević	F
RS	DragojevićSrđan	Srđan	Dragojević	M
RS	DragosavljevićZlatko	Zlatko	Dragosavljević	M
RS	DragutinovićDiana	Diana	Dragutinović	F
RS	DrakulovićBorivoje	Borivoje	Drakulović	M
RS	DramlićMiroslav	Miroslav	Dramlić	M
RS	DrecunMilovan	Milovan	Drecun	M
RS	DrinjakovićDušan	Dušan	Drinjaković	M
RS	DronjakMilica	Milica	Dronjak	F
RS	DujovićSaša	Saša	Dujović	M
RS	DukićMilorad	Milorad	Dukić	M
RS	DulićOliver	Oliver	Dulić	M
RS	DulićMarkovićIvana	Ivana	Dulić Marković	F
RS	DumbelovićČedo	Čedo	Dumbelović	M
RS	DunjićGoran	Goran	Dunjić	M
RS	DunjićMilomir	Milomir	Dunjić	M
RS	DuvnjakMomčilo	Momčilo	Duvnjak	M
RS	DžamićSrboljub	Srboljub	Džamić	M
RS	DžudževićEsad	Esad	Džudžević	M
RS	EkresRozalija	Rozalija	Ekres	F
RS	ElfićEmir	Emir	Elfić	M
RS	ErićNinoslav	Ninoslav	Erić	M
RS	ErnjakovićMilan	Milan	Ernjaković	M
RS	EštonKetrin	Ketrin	Ešton	M
RS	FaTomićJovana	Jovana	Fa Tomić	F
RS	FehratovićJahja	Jahja	Fehratović	M
RS	FilaToma	Toma	Fila	M
RS	FileŠtefan	Štefan	File	M
RS	FilipovPredrag	Predrag	Filipov	M
RS	FilipovićAna	Ana	Filipović	F
RS	FilipovićNenad	Nenad	Filipović	M
RS	FilipovićSrbislav	Srbislav	Filipović	M
RS	FilipovskiDubravka	Dubravka	Filipovski	F
RS	FremondArpad	Arpad	Fremond	M
RS	FremondÁrpád	Árpád	Fremond	M
RS	GajevićGorica	Gorica	Gajević	F
RS	GajićAleksandar	Aleksandar	Gajić	M
RS	GajićGordana	Gordana	Gajić	F
RS	GajićGorica	Gorica	Gajić	F
RS	GalgoFerenciAndrea	Andrea	Galgo-Ferenci	F
RS	GarčevićVladimir	Vladimir	Garčević	M
RS	GavrilovićMarko	Marko	Gavrilović	M
RS	GavrilovićMilica	Milica	Gavrilović	F
RS	GavrilovićSlobodan	Slobodan	Gavrilović	M
RS	GavrilovićSvetozar	Svetozar	Gavrilović	M
RS	GačevićRodoljub	Rodoljub	Gačević	M
RS	GašićBratislav	Bratislav	Gašić	M
RS	GegićBajro	Bajro	Gegić	M
RS	GerovRadmila	Radmila	Gerov	F
RS	GirićNinoslav	Ninoslav	Girić	M
RS	GlamočićDragan	Dragan	Glamočić	M
RS	GlavčevDimitar	Dimitar	Glavčev	M
RS	GligorijevićZoran	Zoran	Gligorijević	M
RS	GligorićBranko	Branko	Gligorić	M
RS	GlišićDarko	Darko	Glišić	M
RS	GlišićVladan	Vladan	Glišić	M
RS	GogićBranko	Branko	Gogić	M
RS	GojkovićMaja	Maja	Gojković	F
RS	GojkovićSlobodan	Slobodan	Gojković	M
RS	GojkovićVesna	Vesna	Gojković	F
RS	GojkovićŽika	Žika	Gojković	M
RS	GolubovićDragan	Dragan	Golubović	M
RS	GolubovićDušan	Dušan	Golubović	M
RS	GoravicaBranislava	Branislava	Goravica	F
RS	GordićVladimir	Vladimir	Gordić	M
RS	GovedaricaBalša	Balša	Govedarica	M
RS	GrahovacVladimir	Vladimir	Grahovac	M
RS	GrbićLjubodrag	Ljubodrag	Grbić	M
RS	GrbićMaja	Maja	Grbić	F
RS	GrigorjevičAleksandar	Aleksandar	Grigorjevič	M
RS	GrubačkiBranislav	Branislav	Grubački	M
RS	GrubetićIvan	Ivan	Grubetić	M
RS	GrubješićSuzana	Suzana	Grubješić	F
RS	GruborBorka	Borka	Grubor	F
RS	GrujićMladen	Mladen	Grujić	M
RS	GudurićStevan	Stevan	Gudurić	M
RS	GudurićStevanŽ	Stevan Ž.	Gudurić	M
RS	GušićMiroslava	Miroslava	Gušić	F
RS	GvozdenovićSlobodan	Slobodan	Gvozdenović	M
RS	HajdarevićKenan	Kenan	Hajdarević	M
RS	HalimiRiza	Riza	Halimi	M
RS	HamzagićŠerif	Šerif	Hamzagić	M
RS	HanJohanes	Johanes	Han	M
RS	HasaniFatmir	Fatmir	Hasani	M
RS	HasanovićKoraćBiljana	Biljana	Hasanović-Korać	F
RS	HiberDragor	Dragor	Hiber	M
RS	HinićSlavko	Slavko	Hinić	M
RS	HodžićMirsad	Mirsad	Hodžić	M
RS	HomanVladimir	Vladimir	Homan	M
RS	HomenSlobodan	Slobodan	Homen	M
RS	HrebikJaroslav	Jaroslav	Hrebik	M
RS	HristoduloMirosav	Mirosav	Hristodulo	M
RS	HristoduloMiroslav	Miroslav	Hristodulo	M
RS	HukićHana	Hana	Hukić	F
RS	HurićZeldžo	Zeldžo	Hurić	M
RS	IgićRužica	Ružica	Igić	F
RS	IlićBorko	Borko	Ilić	M
RS	IlićDušan	Dušan	Ilić	M
RS	IlićGoran	Goran	Ilić	M
RS	IlićMilan	Milan	Ilić	M
RS	IlićMile	Mile	Ilić	M
RS	IlićMiomir	Miomir	Ilić	M
RS	IlićRadiša	Radiša	Ilić	M
RS	IlićVelimir	Velimir	Ilić	M
RS	IlićVladimir	Vladimir	Ilić	M
RS	IlićStošićBiljana	Biljana	Ilić Stošić	F
RS	ImamovićEnis	Enis	Imamović	M
RS	IsailovićObrad	Obrad	Isailović	M
RS	IvanjiŽeljko	Željko	Ivanji	M
RS	IvanovićBranislav	Branislav	Ivanović	M
RS	IvanovićMiladin	Miladin	Ivanović	M
RS	IvanovićNataša	Nataša	Ivanović	F
RS	IvićMirjana	Mirjana	Ivić	F
RS	IvkovićBranislav	Branislav	Ivković	M
RS	IvkovićVesna	Vesna	Ivković	F
RS	IvoševićZoran	Zoran	Ivošević	M
RS	IšpanovićIštvan	Ištvan	Išpanović	M
RS	IšpanovičIštvan	Ištvan	Išpanovič	M
RS	JablanovićAleksandar	Aleksandar	Jablanović	M
RS	JagodićMihajlo	Mihajlo	Jagodić	M
RS	JakovljevićBiljana	Biljana	Jakovljević	F
RS	JakovljevićBojan	Bojan	Jakovljević	M
RS	JakšićGoran	Goran	Jakšić	M
RS	JakšićMarko	Marko	Jakšić	M
RS	JanačkovićBratoljub	Bratoljub	Janačković	M
RS	JanićevićBogoljub	Bogoljub	Janićević	M
RS	JanjićSlobodan	Slobodan	Janjić	M
RS	JanjuševićKrsto	Krsto	Janjušević	M
RS	JanjuševićMarija	Marija	Janjušević	F
RS	JankovRatko	Ratko	Jankov	M
RS	JankovićAleksandar	Aleksandar	Janković	M
RS	JankovićAleksandra	Aleksandra	Janković	F
RS	JankovićBranislav	Branislav	Janković	M
RS	JankovićBranka	Branka	Janković	F
RS	JankovićBrankica	Brankica	Janković	F
RS	JankovićDagoljub	Dagoljub	Janković	M
RS	JankovićDobrica	Dobrica	Janković	M
RS	JankovićDragoljub	Dragoljub	Janković	M
RS	JankovićDušan	Dušan	Janković	M
RS	JankovićMarko	Marko	Janković	M
RS	JankovićMilan	Milan	Janković	M
RS	JankovićMiloš	Miloš	Janković	M
RS	JankovićMiroslav	Miroslav	Janković	M
RS	JankovićNenad	Nenad	Janković	M
RS	JankovićSaša	Saša	Janković	M
RS	JankovićSlobodan	Slobodan	Janković	M
RS	JankovićTomislav	Tomislav	Janković	M
RS	JankovićVeselin	Veselin	Janković	M
RS	JankovićVladeta	Vladeta	Janković	M
RS	JankovićVojislav	Vojislav	Janković	M
RS	JanoševićStanislava	Stanislava	Janošević	M
RS	JančićRadovan	Radovan	Jančić	M
RS	JarićDražen	Dražen	Jarić	M
RS	JaćimovićMiodrag	Miodrag	Jaćimović	M
RS	JefićBrankovićSanja	Sanja	Jefić Branković	F
RS	JelašićRadovan	Radovan	Jelašić	M
RS	JelenkovićPredrag	Predrag	Jelenković	M
RS	JeličićMilutin	Milutin	Jeličić	M
RS	JeremićSlobodan	Slobodan	Jeremić	M
RS	JeremićVladan	Vladan	Jeremić	M
RS	JeremićVuk	Vuk	Jeremić	M
RS	JerkovAleksandra	Aleksandra	Jerkov	F
RS	JerkovićSlavko	Slavko	Jerković	M
RS	JevremovićRadoslav	Radoslav	Jevremović	M
RS	JevtićAleksandra	Aleksandra	Jevtić	F
RS	JevtićIvica	Ivica	Jevtić	M
RS	JevtićJovica	Jovica	Jevtić	M
RS	JevtićMiloš	Miloš	Jevtić	M
RS	JevtićStojan	Stojan	Jevtić	M
RS	JevtovićMilanka	Milanka	Jevtović	F
RS	JevtovićViktor	Viktor	Jevtović	M
RS	JevtovićVukojičićMilanka	Milanka	Jevtović Vukojičić	F
RS	JevđićMarija	Marija	Jevđić	F
RS	JešićGoran	Goran	Ješić	M
RS	JocićGoran	Goran	Jocić	M
RS	JocićRadica	Radica	Jocić	F
RS	JojićMiloš	Miloš	Jojić	M
RS	JojićPetar	Petar	Jojić	M
RS	JokanovićŽarko	Žarko	Jokanović	M
RS	JokićMihailo	Mihailo	Jokić	M
RS	JokovićIvan	Ivan	Joković	M
RS	JokovićRadič	Radič	Joković	M
RS	JokovićSandra	Sandra	Joković	F
RS	JoksimovićJadranka	Jadranka	Joksimović	F
RS	JoksimovićJovana	Jovana	Joksimović	F
RS	JoksimovićNemanja	Nemanja	Joksimović	M
RS	JoksimovićObren	Obren	Joksimović	M
RS	JolovićNikola	Nikola	Jolović	M
RS	JorgaJagoda	Jagoda	Jorga	F
RS	JosimovIvan	Ivan	Josimov	M
RS	JosipovićIvo	Ivo	Josipović	M
RS	JotićŽivadin	Živadin	Jotić	M
RS	JovanovMilenko	Milenko	Jovanov	M
RS	JovanovićAleksandar	Aleksandar	Jovanović	M
RS	JovanovićAna	Ana	Jovanović	F
RS	JovanovićBranimir	Branimir	Jovanović	M
RS	JovanovićBranislav	Branislav	Jovanović	M
RS	JovanovićDejan	Dejan	Jovanović	M
RS	JovanovićDimitrije	Dimitrije	Jovanović	M
RS	JovanovićDragan	Dragan	Jovanović	M
RS	JovanovićGvozden	Gvozden	Jovanović	M
RS	JovanovićIvan	Ivan	Jovanović	M
RS	JovanovićJadranka	Jadranka	Jovanović	F
RS	JovanovićJovan	Jovan	Jovanović	M
RS	JovanovićJovana	Jovana	Jovanović	F
RS	JovanovićMarija	Marija	Jovanović	F
RS	JovanovićMiloš	Miloš	Jovanović	M
RS	Jovanović1Nataša	Nataša	Jovanović	F
RS	JovanovićNataša	Nataša	Jovanović	F
RS	JovanovićNeđo	Neđo	Jovanović	M
RS	JovanovićNikola	Nikola	Jovanović	M
RS	JovanovićTomislav	Tomislav	Jovanović	M
RS	JovanovićVera	Vera	Jovanović	F
RS	JovanovićVidoje	Vidoje	Jovanović	M
RS	JovanovićVladimir	Vladimir	Jovanović	M
RS	JovanovićZlatan	Zlatan	Jovanović	M
RS	JovanovićZoran	Zoran	Jovanović	M
RS	JovanovićČedomir	Čedomir	Jovanović	M
RS	JovanovićŽivadin	Živadin	Jovanović	M
RS	JovanovićŽotaŽivotije	Životije	Jovanović – Žota	M
RS	Jovanović2Nataša	Nataša	Jovanović2	F
RS	JovickiVesna	Vesna	Jovicki	F
RS	JovićMilorad	Milorad	Jović	M
RS	JovićNebojša	Nebojša	Jović	M
RS	JovićRadoslav	Radoslav	Jović	M
RS	JovičićAleksandar	Aleksandar	Jovičić	M
RS	JovičićIvan	Ivan	Jovičić	M
RS	JovičićMile	Mile	Jovičić	M
RS	JovičićVladan	Vladan	Jovičić	M
RS	JovišićJadranka	Jadranka	Jovišić	F
RS	JovčićStanko	Stanko	Jovčić	M
RS	JozićZoran	Zoran	Jozić	M
RS	JočićDragan	Dragan	Jočić	M
RS	JugovićAleksandar	Aleksandar	Jugović	M
RS	JugovićBratislav	Bratislav	Jugović	M
RS	JugovićMilan	Milan	Jugović	M
RS	JuhasAtila	Atila	Juhas	M
RS	Juhas2Atila	Atila	Juhas2	M
RS	KalanovićVerica	Verica	Kalanović	F
RS	KamberiŠaip	Šaip	Kamberi	M
RS	KapelanRajko	Rajko	Kapelan	M
RS	KarabenčDušica	Dušica	Karabenč	F
RS	KaradžićAna	Ana	Karadžić	F
RS	KaraičićBoris	Boris	Karaičić	M
RS	KaramarkovićLeposava	Leposava	Karamarković	F
RS	KaranacJasmina	Jasmina	Karanac	F
RS	KaranovićNevena	Nevena	Karanović	F
RS	KaravidićBranka	Branka	Karavidić	F
RS	KarićDragomir	Dragomir	Karić	M
RS	KarićIvan	Ivan	Karić	M
RS	KarićMilanka	Milanka	Karić	F
RS	KaroljPal	Pal	Karolj	M
RS	KasaJožef	Jožef	Kasa	M
RS	KasalovićZoran	Zoran	Kasalović	M
RS	KasašKarolj	Karolj	Kasaš	M
RS	KatićBorivoje	Borivoje	Katić	M
RS	KatićJelena	Jelena	Katić	F
RS	KebaraLuka	Luka	Kebara	M
RS	KekićBojan	Bojan	Kekić	M
RS	KermeciKarolj	Karolj	Kermeci	M
RS	KertesMihalj	Mihalj	Kertes	M
RS	KesarDejan	Dejan	Kesar	M
RS	KesejićStevan	Stevan	Kesejić	M
RS	KesićLjubiša	Ljubiša	Kesić	M
RS	KirćanskiOlgica	Olgica	Kirćanski	F
RS	KisićTepavčevićDarija	Darija	Kisić Tepavčević	F
RS	KitanovićMina	Mina	Kitanović	F
RS	KitanovićNenad	Nenad	Kitanović	M
RS	KitanovićTomislav	Tomislav	Kitanović	M
RS	KitićSvetlana	Svetlana	Kitić	F
RS	KišNandor	Nandor	Kiš	M
RS	KišmartonOto	Oto	Kišmarton	M
RS	KneževićBiljana	Biljana	Knežević	F
RS	KneževićBlaža	Blaža	Knežević	M
RS	KneževićGašo	Gašo	Knežević	M
RS	KneževićGoran	Goran	Knežević	M
RS	KneževićMilan	Milan	Knežević	M
RS	KneževićVesna	Vesna	Knežević	F
RS	KobahidzeIraklije	Iraklije	Kobahidze	M
RS	KocićJelena	Jelena	Kocić	F
RS	KojadinovićDragan	Dragan	Kojadinović	M
RS	KojenLeon	Leon	Kojen	M
RS	KojićIvica	Ivica	Kojić	M
RS	KojčićDragoljub	Dragoljub	Kojčić	M
RS	KokaLjuan	Ljuan	Koka	M
RS	KolundžijaJovan	Jovan	Kolundžija	M
RS	KolundžijaNada	Nada	Kolundžija	F
RS	KomazecSrđo	Srđo	Komazec	M
RS	KomlenovićRadoslav	Radoslav	Komlenović	M
RS	KomlenskiĐorđe	Đorđe	Komlenski	M
RS	KompirovićStanija	Stanija	Kompirović	F
RS	KondićMiroslav	Miroslav	Kondić	M
RS	KonstantinovićNenad	Nenad	Konstantinović	M
RS	KoprivicaBožidar	Božidar	Koprivica	M
RS	KoraćMilan	Milan	Korać	M
RS	KoraćŽarko	Žarko	Korać	M
RS	KosanićĐorđe	Đorđe	Kosanić	M
RS	KosanovićMirna	Mirna	Kosanović	F
RS	KosorićLjiljana	Ljiljana	Kosorić	F
RS	KostadinovaNevenka	Nevenka	Kostadinova	F
RS	KostadinovićZoran	Zoran	Kostadinović	M
RS	KostićBlagica	Blagica	Kostić	F
RS	KostićDragana	Dragana	Kostić	F
RS	KostićIvan	Ivan	Kostić	M
RS	KostićNada	Nada	Kostić	F
RS	KostićRadmilo	Radmilo	Kostić	M
RS	KostićVladeta	Vladeta	Kostić	M
RS	KostrešBojan	Bojan	Kostreš	M
RS	KovačElvira	Elvira	Kovač	F
RS	KovačVesna	Vesna	Kovač	F
RS	KovačevićBorisav	Borisav	Kovačević	M
RS	KovačevićBorislav	Borislav	Kovačević	M
RS	KovačevićBranislav	Branislav	Kovačević	M
RS	KovačevićDejan	Dejan	Kovačević	M
RS	KovačevićDragan	Dragan	Kovačević	M
RS	KovačevićGoran	Goran	Kovačević	M
RS	KovačevićIvan	Ivan	Kovačević	M
RS	KovačevićIvana	Ivana	Kovačević	F
RS	KovačevićMilan	Milan	Kovačević	M
RS	KovačevićSiniša	Siniša	Kovačević	M
RS	KovačevićStanko	Stanko	Kovačević	M
RS	KovačevićStudenka	Studenka	Kovačević	F
RS	KovačevićVeljko	Veljko	Kovačević	M
RS	KovačevićZorica	Zorica	Kovačević	F
RS	KovácsElvira	Elvira	Kovács	F
RS	KozićSvetlana	Svetlana	Kozić	F
RS	KoštunicaVojislav	Vojislav	Koštunica	M
RS	KožovićNikola	Nikola	Kožović	M
RS	KragovićLjubomir	Ljubomir	Kragović	M
RS	KrajinovićBlagoje	Blagoje	Krajinović	M
RS	KrajnovićMarijana	Marijana	Krajnović	F
RS	KraljDubravka	Dubravka	Kralj	F
RS	KrasićZoran	Zoran	Krasić	M
RS	KrekićBranislav	Branislav	Krekić	M
RS	KrešićMarin	Marin	Krešić	M
RS	KrivokapićMilovan	Milovan	Krivokapić	M
RS	KrivokapićRanko	Ranko	Krivokapić	M
RS	KrišanovVesna	Vesna	Krišanov	F
RS	KrkobabićJovan	Jovan	Krkobabić	M
RS	KrkobabićMilan	Milan	Krkobabić	M
RS	KrkobabićStefan	Stefan	Krkobabić	M
RS	KrlićMirko	Mirko	Krlić	M
RS	KronićVladislav	Vladislav	Kronić	M
RS	KronjaMarko	Marko	Kronja	M
RS	KrpićNikola	Nikola	Krpić	M
RS	KrstinMarko	Marko	Krstin	M
RS	KrstinMilorad	Milorad	Krstin	M
RS	KrstićEmilija	Emilija	Krstić	F
RS	KrstićLazar	Lazar	Krstić	M
RS	KrstićNenad	Nenad	Krstić	M
RS	KrstićSlaviša	Slaviša	Krstić	M
RS	KrstićSvetislav	Svetislav	Krstić	M
RS	Krstić2Nenad	Nenad	Krstić2	M
RS	KrunićSpasoje	Spasoje	Krunić	M
RS	KrunićSpasojePaja	Spasoje Paja	Krunić	M
RS	KruževićSrđan	Srđan	Kružević	M
RS	KuburovićNela	Nela	Kuburović	F
RS	KulezićSandra	Sandra	Kulezić	F
RS	KuntićPetar	Petar	Kuntić	M
RS	KurjačkiArsen	Arsen	Kurjački	M
RS	KurtešaninSimo	Simo	Kurtešanin	M
RS	KutićBore	Bore	Kutić	M
RS	KuzmanovićVujakovićLjiljana	Ljiljana	Kuzmanović-Vujaković	F
RS	KučevićSelma	Selma	Kučević	F
RS	KučevićŠemsudin	Šemsudin	Kučević	M
RS	KužićVukica	Vukica	Kužić	F
RS	LabusMiroljub	Miroljub	Labus	M
RS	LagumdžijaTatjana	Tatjana	Lagumdžija	F
RS	LakatošLjibuška	Ljibuška	Lakatoš	F
RS	LaketićDarko	Darko	Laketić	M
RS	LakićSanja	Sanja	Lakić	F
RS	LakićevićRadan	Radan	Lakićević	M
RS	LakićevićStojačićSnežana	Snežana	Lakićević-Stojačić	F
RS	LalićNikola	Nikola	Lalić	M
RS	LalićVesna	Vesna	Lalić	F
RS	LalovićSlobodan	Slobodan	Lalović	M
RS	LammertNorbert	Norbert	Lammert	M
RS	LanguraJanko	Janko	Langura	M
RS	LapčevićMilan	Milan	Lapčević	M
RS	LasloTorde	Torde	Laslo	M
RS	LatkovićMilan	Milan	Latković	M
RS	LauševićMaja	Maja	Laušević	F
RS	LazanskiMiroslav	Miroslav	Lazanski	M
RS	LazarevićAleksandar	Aleksandar	Lazarević	M
RS	LazarevićJanko	Janko	Lazarević	M
RS	LazarevićJordan	Jordan	Lazarević	M
RS	LazićDragan	Dragan	Lazić	M
RS	LazićNada	Nada	Lazić	F
RS	LazićNikola	Nikola	Lazić	M
RS	LazićSiniša	Siniša	Lazić	M
RS	LazićĐura	Đura	Lazić	M
RS	Lazić2Nikola	Nikola	Lazić2	M
RS	LazovićKata	Kata	Lazović	F
RS	LekićŽivadin	Živadin	Lekić	M
RS	LekovićMarija	Marija	Leković	F
RS	LekovićNebojša	Nebojša	Leković	M
RS	LemajićNenad	Nenad	Lemajić	M
RS	LensKlarkDejvid	Klark Dejvid	Lens	M
RS	LilićStevan	Stevan	Lilić	M
RS	LintaMiodrag	Miodrag	Linta	M
RS	LjajićRasim	Rasim	Ljajić	M
RS	LjiljakBranka	Branka	Ljiljak	F
RS	LjuanKoka	Koka	Ljuan	F
RS	LjubenovićTomislav	Tomislav	Ljubenović	M
RS	LjubićMilan	Milan	Ljubić	M
RS	LjubičićJana	Jana	Ljubičić	F
RS	LjubišićNataša	Nataša	Ljubišić	F
RS	LjubojevićDragan	Dragan	Ljubojević	M
RS	LjušićRadoš	Radoš	Ljušić	M
RS	LodiGabor	Gabor	Lodi	M
RS	LončarZlatibor	Zlatibor	Lončar	M
RS	LončarZoran	Zoran	Lončar	M
RS	LovrinGavrilovićDaniela	Daniela	Lovrin-Gavrilović	F
RS	LukačAmela	Amela	Lukač	F
RS	LukićMiloš	Miloš	Lukić	M
RS	LukićMladen	Mladen	Lukić	M
RS	LutovacVioleta	Violeta	Lutovac	F
RS	LučićLjiljana	Ljiljana	Lučić	F
RS	LučićMiloš	Miloš	Lučić	M
RS	MJovanovićDragan	Dragan	M. Jovanović	M
RS	MacuraTatjana	Tatjana	Macura	F
RS	MadžarevićPetar	Petar	Madžarević	M
RS	MagdaJon	Jon	Magda	M
RS	MajkićAleksandra	Aleksandra	Majkić	F
RS	MaksimovićSaša	Saša	Maksimović	M
RS	MaksimovićSiniša	Siniša	Maksimović	M
RS	MaksimovićSofija	Sofija	Maksimović	F
RS	MaletićAleksandra	Aleksandra	Maletić	F
RS	MaliSiniša	Siniša	Mali	M
RS	MalićSiniša	Siniša	Malić	M
RS	MalovićSnežana	Snežana	Malović	F
RS	MalušićLjiljana	Ljiljana	Malušić	F
RS	MamulaĐorđe	Đorđe	Mamula	M
RS	MandićMomčilo	Momčilo	Mandić	M
RS	MandićStanojla	Stanojla	Mandić	F
RS	ManojlovićIvan	Ivan	Manojlović	M
RS	MaraciNandor	Nandor	Maraci	M
RS	MaravićLjubiša	Ljubiša	Maravić	M
RS	MarašMarjana	Marjana	Maraš	F
RS	MarašSlobodan	Slobodan	Maraš	M
RS	MarinkovićBranko	Branko	Marinković	M
RS	MarinkovićDragiša	Dragiša	Marinković	M
RS	MarinkovićDušan	Dušan	Marinković	M
RS	MarinkovićGorjana	Gorjana	Marinković	F
RS	MarinkovićMilka	Milka	Marinković	F
RS	MarinkovićMiroslav	Miroslav	Marinković	M
RS	MarinkovićSrboljub	Srboljub	Marinković	M
RS	MarinkovićStevan	Stevan	Marinković	M
RS	MarinkovićVladimir	Vladimir	Marinković	M
RS	MarinovićMilan	Milan	Marinović	M
RS	MarićDušan	Dušan	Marić	M
RS	MarićGeorgije	Georgije	Marić	M
RS	MarićLjubomir	Ljubomir	Marić	M
RS	MarićMiroljub	Miroljub	Marić	M
RS	MarićVesna	Vesna	Marić	F
RS	MaričićVladica	Vladica	Maričić	M
RS	MarjanovićMirjana	Mirjana	Marjanović	F
RS	MarjanovićMirko	Mirko	Marjanović	M
RS	MarjanovićNebojša	Nebojša	Marjanović	M
RS	MarjanovićTihomir	Tihomir	Marjanović	M
RS	MarjanovićVesna	Vesna	Marjanović	F
RS	MarjanskiLazar	Lazar	Marjanski	M
RS	MarkićevićMiroslav	Miroslav	Markićević	M
RS	MarkovPavle	Pavle	Markov	M
RS	MarkovićAleksandar	Aleksandar	Marković	M
RS	MarkovićDragan	Dragan	Marković	M
RS	MarkovićDraganD	Dragan D.	Marković	M
RS	MarkovićDraganM	Dragan M.	Marković	M
RS	MarkovićDragomir	Dragomir	Marković	M
RS	MarkovićJelena	Jelena	Marković	F
RS	MarkovićJovan	Jovan	Marković	M
RS	MarkovićMihajlo	Mihajlo	Marković	M
RS	MarkovićMilan	Milan	Marković	M
RS	MarkovićMilovan	Milovan	Marković	M
RS	MarkovićMomir	Momir	Marković	M
RS	MarkovićPredrag	Predrag	Marković	M
RS	MarkovićRatko	Ratko	Marković	M
RS	MarkovićTomislav	Tomislav	Marković	M
RS	MarkovićUglješa	Uglješa	Marković	M
RS	MarkovićVera	Vera	Marković	F
RS	MarkovićVesna	Vesna	Marković	F
RS	MarkovićZorana	Zorana	Marković	F
RS	Marković2Predrag	Predrag	Marković2	M
RS	MartinovićAleksandar	Aleksandar	Martinović	M
RS	MartinovićVesna	Vesna	Martinović	F
RS	MartićMiroslav	Miroslav	Martić	M
RS	MartonAleksandar	Aleksandar	Marton	M
RS	MarušićDražimir	Dražimir	Marušić	M
RS	MarčetićRatko	Ratko	Marčetić	M
RS	MarčokPavel	Pavel	Marčok	M
RS	MaršićaninDragan	Dragan	Maršićanin	M
RS	MaslovaraRalevićJelena	Jelena	Maslovara Ralević	F
RS	MatarelaSerđo	Serđo	Matarela	M
RS	MatejićIlija	Ilija	Matejić	M
RS	MatićJasna	Jasna	Matić	F
RS	MatićSlavoljub	Slavoljub	Matić	M
RS	MatićTatjana	Tatjana	Matić	F
RS	MatićVeroljub	Veroljub	Matić	M
RS	MatkovićDuško	Duško	Matković	M
RS	MatkovićGordana	Gordana	Matković	F
RS	MatovićRajka	Rajka	Matović	F
RS	MatvijenkoValentina	Valentina	Matvijenko	F
RS	MačužićMaja	Maja	Mačužić	F
RS	MašićZoran	Zoran	Mašić	M
RS	MedvedevDmitrij	Dmitrij	Medvedev	M
RS	MehandžićJovana	Jovana	Mehandžić	F
RS	MehandžićĐurđićJovana	Jovana	Mehandžić Đurđić	F
RS	MelankŠandor	Šandor	Melank	M
RS	MesarovićNata	Nata	Mesarović	F
RS	MigatiAmjad	Amjad	Migati	M
RS	MihailovićJelena	Jelena	Mihailović	F
RS	MihailovićNataša	Nataša	Mihailović	F
RS	MihailovićVojislav	Vojislav	Mihailović	M
RS	MihailovićVacićNataša	Nataša	Mihailović Vacić	F
RS	MihajlovAnđelka	Anđelka	Mihajlov	F
RS	MihajlovDejan	Dejan	Mihajlov	M
RS	MihajlovSredoje	Sredoje	Mihajlov	M
RS	MihajlovićBranislav	Branislav	Mihajlović	M
RS	MihajlovićDušan	Dušan	Mihajlović	M
RS	MihajlovićGoran	Goran	Mihajlović	M
RS	MihajlovićJovanka	Jovanka	Mihajlović	F
RS	MihajlovićLjiljana	Ljiljana	Mihajlović	F
RS	MihajlovićLjubiša	Ljubiša	Mihajlović	M
RS	MihajlovićMiletić	Miletić	Mihajlović	M
RS	MihajlovićMiloje	Miloje	Mihajlović	M
RS	MihajlovićNataša	Nataša	Mihajlović	F
RS	MihajlovićOgnjen	Ognjen	Mihajlović	M
RS	MihajlovićSlobodan	Slobodan	Mihajlović	M
RS	MihajlovićVitomir	Vitomir	Mihajlović	M
RS	MihajlovićVojislav	Vojislav	Mihajlović	M
RS	MihajlovićZorana	Zorana	Mihajlović	F
RS	MihajlovićZorna	Zorna	Mihajlović	F
RS	MihajlovićZvonko	Zvonko	Mihajlović	M
RS	MihajlovićMilanovićZorana	Zorana	Mihajlović Milanović	F
RS	MihajlovskaLjupka	Ljupka	Mihajlovska	F
RS	MijailovićOstoja	Ostoja	Mijailović	M
RS	MijailovićPredrag	Predrag	Mijailović	M
RS	MijailovićPredragLune	Predrag-Lune	Mijailović	M
RS	MijailovićLunePredrag	Predrag	Mijailovič Lune	M
RS	MijajlovićSlađan	Slađan	Mijajlović	M
RS	MijaljevićSlađan	Slađan	Mijaljević	M
RS	MijatovićBorivoje	Borivoje	Mijatović	M
RS	MijatovićJelena	Jelena	Mijatović	F
RS	MijatovićMilomir	Milomir	Mijatović	M
RS	MijatovićMilorad	Milorad	Mijatović	M
RS	MijatovićPredrag	Predrag	Mijatović	M
RS	MikavicaDejan	Dejan	Mikavica	M
RS	MikićPredrag	Predrag	Mikić	M
RS	MikovićMilan	Milan	Miković	M
RS	MikovićSrđan	Srđan	Miković	M
RS	MiladinovićLjiljana	Ljiljana	Miladinović	F
RS	MiladinovićStefana	Stefana	Miladinović	F
RS	MilajićVojislav	Vojislav	Milajić	M
RS	MilankovVladimir	Vladimir	Milankov	M
RS	MilanovićRadivoje	Radivoje	Milanović	M
RS	MilačićBorislav	Borislav	Milačić	M
RS	MilekićVesna	Vesna	Milekić	F
RS	MilekićZoran	Zoran	Milekić	M
RS	MilenićSaša	Saša	Milenić	M
RS	MilenkovićBlagoje	Blagoje	Milenković	M
RS	MilenkovićJelena	Jelena	Milenković	F
RS	MilenkovićMarko	Marko	Milenković	M
RS	MilenkovićTomislav	Tomislav	Milenković	M
RS	MilentijevićDragan	Dragan	Milentijević	M
RS	MilentijevićVladimir	Vladimir	Milentijević	M
RS	MiletićMilija	Milija	Miletić	F
RS	MiletićMilivoje	Milivoje	Miletić	M
RS	MilijićSvetlana	Svetlana	Milijić	F
RS	MilisavljevićDušan	Dušan	Milisavljević	M
RS	MilisavljevićSmiljana	Smiljana	Milisavljević	F
RS	MilivojevićKsenija	Ksenija	Milivojević	F
RS	MilivojevićSrđan	Srđan	Milivojević	M
RS	MilićGoran	Goran	Milić	M
RS	MilićNenad	Nenad	Milić	M
RS	MilićevićLeposava	Leposava	Milićević	F
RS	MilićevićĐorđe	Đorđe	Milićević	M
RS	MiličkovićMilosav	Milosav	Miličković	M
RS	MilišićMarija	Marija	Milišić	F
RS	MiljanićAna	Ana	Miljanić	F
RS	MiljanićJovan	Jovan	Miljanić	M
RS	MiljkovićMiodrag	Miodrag	Miljković	M
RS	MilkovićDragoslav	Dragoslav	Milković	M
RS	MilojevićDragomir	Dragomir	Milojević	M
RS	MilojevićMilosav	Milosav	Milojević	M
RS	MilojevićNataša	Nataša	Milojević	F
RS	MilojičićRadoslav	Radoslav	Milojičić	M
RS	MilojičićVelibor	Velibor	Milojičić	M
RS	MilojkovićVlada	Vlada	Milojković	M
RS	MilosavljevićNenad	Nenad	Milosavljević	M
RS	MilosavljevićSlobodan	Slobodan	Milosavljević	M
RS	MilosavljevićTomica	Tomica	Milosavljević	M
RS	MilosavljevićŽivorad	Živorad	Milosavljević	M
RS	MilovankićRadovan	Radovan	Milovankić	M
RS	MilovanovićBojan	Bojan	Milovanović	M
RS	MilovanovićDragan	Dragan	Milovanović	M
RS	MilovanovićPera	Pera	Milovanović	M
RS	MilovanovićRadoslav	Radoslav	Milovanović	M
RS	MilovanovićVojislav	Vojislav	Milovanović	M
RS	MiloševićJasmina	Jasmina	Milošević	F
RS	MiloševićKosta	Kosta	Milošević	M
RS	MiloševićLjubica	Ljubica	Milošević	F
RS	MiloševićMilena	Milena	Milošević	F
RS	MiloševićNevenka	Nevenka	Milošević	F
RS	MiloševićNikola	Nikola	Milošević	M
RS	MiloševićPredrag	Predrag	Milošević	M
RS	MiloševićRadmilo	Radmilo	Milošević	M
RS	MiloševićVeljko	Veljko	Milošević	M
RS	MiloševićVitomir	Vitomir	Milošević	M
RS	MiloševićVladan	Vladan	Milošević	M
RS	MiloševićZoran	Zoran	Milošević	M
RS	MilunovićDragan	Dragan	Milunović	M
RS	MilutinovićAleksandar	Aleksandar	Milutinović	M
RS	MilutinovićMarko	Marko	Milutinović	M
RS	MilutinovićMilan	Milan	Milutinović	M
RS	MinićMilomir	Milomir	Minić	M
RS	MinićVasilije	Vasilije	Minić	M
RS	KlodMinjonŽan	Žan Klod	Minjon	M
RS	MirkovićAleksandar	Aleksandar	Mirković	M
RS	MirkovićLjubomir	Ljubomir	Mirković	M
RS	MirkovićMarina	Marina	Mirković	F
RS	MirkovićSaša	Saša	Mirković	M
RS	MirosavljevićMilan	Milan	Mirosavljević	M
RS	MirovićDejan	Dejan	Mirović	M
RS	MirovićIgor	Igor	Mirović	M
RS	MirčetićVuk	Vuk	Mirčetić	M
RS	MirčićMilorad	Milorad	Mirčić	M
RS	MirčićMiroljub	Miroljub	Mirčić	M
RS	MitovSlavoljub	Slavoljub	Mitov	M
RS	MitrovićBranimir	Branimir	Mitrović	M
RS	MitrovićBranislav	Branislav	Mitrović	M
RS	MitrovićNenad	Nenad	Mitrović	M
RS	MitrovićSiniša	Siniša	Mitrović	M
RS	MitrovićSreten	Sreten	Mitrović	M
RS	MićinŽarko	Žarko	Mićin	M
RS	MićićNataša	Nataša	Mićić	F
RS	MićovićZoran	Zoran	Mićović	M
RS	MićunovićDragoljub	Dragoljub	Mićunović	M
RS	MiškovićPetar	Petar	Mišković	M
RS	MišovićRadmilo	Radmilo	Mišović	M
RS	MladenovićAndreja	Andreja	Mladenović	M
RS	MladenovićBojan	Bojan	Mladenović	M
RS	MladenovićGoran	Goran	Mladenović	M
RS	MladenovićMarko	Marko	Mladenović	M
RS	MladenovićSlaviša	Slaviša	Mladenović	M
RS	MladenovićSlobodan	Slobodan	Mladenović	M
RS	MladenovićSlobodanka	Slobodanka	Mladenović	F
RS	MogeriniFederika	Federika	Mogerini	F
RS	MojovićGorica	Gorica	Mojović	F
RS	MojsilovićRadoslav	Radoslav	Mojsilović	M
RS	MomirovNadica	Nadica	Momirov	F
RS	MomirovićTomislav	Tomislav	Momirović	M
RS	MomirskiBranislav	Branislav	Momirski	M
RS	MomčilovPaja	Paja	Momčilov	M
RS	MomčilovićStanislav	Stanislav	Momčilović	M
RS	MorčevDušica	Dušica	Morčev	F
RS	MrdakovićLjubica	Ljubica	Mrdaković	F
RS	MrdakovićTodorovićLjubica	Ljubica	Mrdaković Todorović	F
RS	MrdićUglješa	Uglješa	Mrdić	M
RS	MrkićIvan	Ivan	Mrkić	M
RS	MrkonjićMilutin	Milutin	Mrkonjić	M
RS	MrkonјićMilutin	Milutin	Mrkonјić	M
RS	MrvaljevićZoran	Zoran	Mrvaljević	M
RS	MrvošDušan	Dušan	Mrvoš	M
RS	MucićLjubomir	Ljubomir	Mucić	M
RS	MukovićMujo	Mujo	Muković	M
RS	MunitlakRatomir	Ratomir	Munitlak	M
RS	MunjićMirko	Mirko	Munjić	M
RS	MurićFevzija	Fevzija	Murić	M
RS	MučenskiĐura	Đura	Mučenski	M
RS	NarićDušan	Dušan	Narić	M
RS	NaumovRadomir	Radomir	Naumov	M
RS	NedeljkovićMiroslav	Miroslav	Nedeljković	M
RS	NedeljkovićOlivera	Olivera	Nedeljković	F
RS	NedimovićBranislav	Branislav	Nedimović	M
RS	NedovićVesna	Vesna	Nedović	F
RS	NektarijevićDejan	Dejan	Nektarijević	M
RS	NenadovićSlobodan	Slobodan	Nenadović	M
RS	NenadovićZoran	Zoran	Nenadović	M
RS	NestorovićLjiljana	Ljiljana	Nestorović	F
RS	NeškovićMiroslav	Miroslav	Nešković	M
RS	NeškovićSlavko	Slavko	Nešković	M
RS	NešovićJovan	Jovan	Nešović	M
RS	NešovićMiloš	Miloš	Nešović	M
RS	NikitovićMilan	Milan	Nikitović	M
RS	NikolićAleksandar	Aleksandar	Nikolić	M
RS	NikolićDejan	Dejan	Nikolić	M
RS	NikolićDragan	Dragan	Nikolić	M
RS	NikolićDraganM	Dragan M.	Nikolić	M
RS	NikolićDušica	Dušica	Nikolić	F
RS	NikolićGoran	Goran	Nikolić	M
RS	NikolićIvana	Ivana	Nikolić	F
RS	NikolićJasmina	Jasmina	Nikolić	F
RS	NikolićMaja	Maja	Nikolić	F
RS	NikolićMilan	Milan	Nikolić	M
RS	NikolićMilanJ	Milan J.	Nikolić	M
RS	NikolićMilanM	Milan M.	Nikolić	M
RS	NikolićMilica	Milica	Nikolić	F
RS	NikolićMiljana	Miljana	Nikolić	F
RS	NikolićMiodrag	Miodrag	Nikolić	M
RS	NikolićMladen	Mladen	Nikolić	M
RS	NikolićNenad	Nenad	Nikolić	M
RS	NikolićRadomir	Radomir	Nikolić	M
RS	NikolićRatko	Ratko	Nikolić	M
RS	NikolićRužica	Ružica	Nikolić	F
RS	NikolićSanja	Sanja	Nikolić	F
RS	NikolićSlađana	Slađana	Nikolić	F
RS	NikolićTijana	Tijana	Nikolić	F
RS	NikolićTomislav	Tomislav	Nikolić	M
RS	NikolićVesna	Vesna	Nikolić	F
RS	NikolićVladan	Vladan	Nikolić	M
RS	NikolićZoran	Zoran	Nikolić	M
RS	NikolićPavlovićSvetlana	Svetlana	Nikolić Pavlović	F
RS	NikolićTanasijevićNadica	Nadica	Nikolić-Tanasijević	F
RS	NikolićVukajlovićVesna	Vesna	Nikolić-Vukajlović	F
RS	Nikolić2Dragan	Dragan	Nikolić2	M
RS	Nikolić2Zoran	Zoran	Nikolić2	M
RS	NinićMilan	Milan	Ninić	M
RS	NinčićMilan	Milan	Ninčić	M
RS	NičićBoško	Boško	Ničić	M
RS	NogoSrđan	Srđan	Nogo	M
RS	NovakovićBorislav	Borislav	Novaković	M
RS	NovakovićGoran	Goran	Novaković	M
RS	NovakovićMilan	Milan	Novaković	M
RS	NovakovićMile	Mile	Novaković	M
RS	NovakovićNikola	Nikola	Novaković	M
RS	NovakovićZoran	Zoran	Novaković	M
RS	NovkovićAna	Ana	Novković	F
RS	NovotniLaslo	Laslo	Novotni	M
RS	ObradovićBogdan	Bogdan	Obradović	M
RS	ObradovićBoško	Boško	Obradović	M
RS	ObradovićDušan	Dušan	Obradović	M
RS	ObradovićJasmina	Jasmina	Obradović	F
RS	ObradovićJelena	Jelena	Obradović	F
RS	ObradovićMarija	Marija	Obradović	F
RS	ObradovićMilica	Milica	Obradović	F
RS	ObradovićMiloje	Miloje	Obradović	M
RS	ObradovićRadojko	Radojko	Obradović	M
RS	ObradovićVesna	Vesna	Obradović	F
RS	ObradovićVojislav	Vojislav	Obradović	M
RS	ObradovićVuk	Vuk	Obradović	M
RS	ObradovićŽarko	Žarko	Obradović	M
RS	ObretkovićMića	Mića	Obretković	M
RS	OcokoljićVioleta	Violeta	Ocokoljić	F
RS	OdalovićVeljko	Veljko	Odalović	M
RS	OgnjanovićOlivera	Olivera	Ognjanović	F
RS	OlujićTatjana	Tatjana	Olujić	F
RS	OmeragićBajram	Bajram	Omeragić	M
RS	OmerovićMeho	Meho	Omerović	M
RS	OrlićVladimir	Vladimir	Orlić	M
RS	OstojićJovo	Jovo	Ostojić	M
RS	OstojićZoran	Zoran	Ostojić	M
RS	OstojićĐorđe	Đorđe	Ostojić	M
RS	PahorBorut	Borut	Pahor	M
RS	PajkićLavGrigorije	Lav-Grigorije	Pajkić	M
RS	PajovićAleksandar	Aleksandar	Pajović	M
RS	PajovićSlobodan	Slobodan	Pajović	M
RS	PajtićBojan	Bojan	Pajtić	M
RS	PalKarolj	Karolj	Pal	M
RS	PalalićGojko	Gojko	Palalić	M
RS	PalalićJovan	Jovan	Palalić	M
RS	PalurovićJasmina	Jasmina	Palurović	F
RS	PanajotovićTomislav	Tomislav	Panajotović	M
RS	PanićLjuban	Ljuban	Panić	M
RS	PanićMiodrag	Miodrag	Panić	M
RS	PanićVeran	Veran	Panić	M
RS	PankovRadovan	Radovan	Pankov	M
RS	PantelićDragan	Dragan	Pantelić	M
RS	PantićAleksadar	Aleksadar	Pantić	M
RS	PantićAleksandar	Aleksandar	Pantić	M
RS	PantićDragoljub	Dragoljub	Pantić	M
RS	PantićKrstimir	Krstimir	Pantić	M
RS	PantićPiljaBiljana	Biljana	Pantić Pilja	F
RS	PantićAksentijevićSnežana	Snežana	Pantić-Aksentijević	F
RS	PantovićOgnjen	Ognjen	Pantović	M
RS	PapovićRadivoje	Radivoje	Papović	M
RS	PapugaOlena	Olena	Papuga	F
RS	ParezanovićMarko	Marko	Parezanović	M
RS	ParivodićMilan	Milan	Parivodić	M
RS	PaskašTatjana	Tatjana	Paskaš	F
RS	PastorBalint	Balint	Pastor	M
RS	PastorIštvan	Ištvan	Pastor	M
RS	PatićPredrag	Predrag	Patić	M
RS	PauljeskićOlivera	Olivera	Pauljeskić	F
RS	PaunovićDragan	Dragan	Paunović	M
RS	PaunovićElizabet	Elizabet	Paunović	F
RS	PaunovićGoran	Goran	Paunović	M
RS	PaunovićSnežana	Snežana	Paunović	F
RS	PaunovićVera	Vera	Paunović	F
RS	PaunovićMilosavljevićGordana	Gordana	Paunović-Milosavljević	F
RS	PavićevićNina	Nina	Pavićević	F
RS	PavićevićVasilije	Vasilije	Pavićević	M
RS	PavićevićVladimir	Vladimir	Pavićević	M
RS	PavlopulosProkopis	Prokopis	Pavlopulos	M
RS	PavlovićAleksandra	Aleksandra	Pavlović	F
RS	PavlovićBranko	Branko	Pavlović	M
RS	PavlovićDragan	Dragan	Pavlović	M
RS	PavlovićDraganS	Dragan S.	Pavlović	M
RS	PavlovićDragomir	Dragomir	Pavlović	M
RS	PavlovićDušan	Dušan	Pavlović	M
RS	PavlovićNebojša	Nebojša	Pavlović	M
RS	PavlovićSlobodan	Slobodan	Pavlović	M
RS	PavlovićSonja	Sonja	Pavlović	F
RS	PavlovićŽak	Žak	Pavlović	M
RS	PavlovićĐinđićRužica	Ružica	Pavlović Đinđić	F
RS	PašalićZoran	Zoran	Pašalić	M
RS	PašekoDuarte	Duarte	Pašeko	M
RS	PejicaMiroslava	Miroslava	Pejica	F
RS	PejovićDuško	Duško	Pejović	M
RS	PejčićAleksandar	Aleksandar	Pejčić	M
RS	PejčićBogoljub	Bogoljub	Pejčić	M
RS	PejčićDušan	Dušan	Pejčić	M
RS	PekZoltan	Zoltan	Pek	M
RS	PekarskiGoran	Goran	Pekarski	M
RS	PelevićBorislav	Borislav	Pelević	M
RS	PenezićTomislav	Tomislav	Penezić	M
RS	PeranovićAleksandar	Aleksandar	Peranović	M
RS	PerićDragutin	Dragutin	Perić	M
RS	PerićHranislav	Hranislav	Perić	M
RS	PerićNebojša	Nebojša	Perić	M
RS	PerićSlobodan	Slobodan	Perić	M
RS	PerićSreto	Sreto	Perić	M
RS	PerićĐuro	Đuro	Perić	M
RS	PerjaničićDejan	Dejan	Perjaničić	M
RS	PeručićZlatan	Zlatan	Peručić	M
RS	PerčevićGoran	Goran	Perčević	M
RS	PetijevićVeselin	Veselin	Petijević	M
RS	PetkovićBratislav	Bratislav	Petković	M
RS	PetkovićDušan	Dušan	Petković	M
RS	PetkovićLjubiša	Ljubiša	Petković	M
RS	PetkovićMilisav	Milisav	Petković	M
RS	PetkovićMiroslav	Miroslav	Petković	M
RS	PetkovićNevena	Nevena	Petković	F
RS	PetkovićPetar	Petar	Petković	M
RS	PetkovićStojanka	Stojanka	Petković	F
RS	PetkovićTihomir	Tihomir	Petković	M
RS	PetkovićVladimir	Vladimir	Petković	M
RS	PetkovićČedomir	Čedomir	Petković	M
RS	PetkovićHokiJovan	Jovan	Petković – Hoki	M
RS	PetrićMilan	Milan	Petrić	M
RS	PetrićRadojko	Radojko	Petrić	M
RS	PetronijevićMilisav	Milisav	Petronijević	M
RS	PetrovZoran	Zoran	Petrov	M
RS	PetrovićAco	Aco	Petrović	M
RS	PetrovićDaniel	Daniel	Petrović	M
RS	PetrovićDragan	Dragan	Petrović	M
RS	PetrovićDušan	Dušan	Petrović	M
RS	PetrovićJovanka	Jovanka	Petrović	F
RS	PetrovićLjubo	Ljubo	Petrović	M
RS	PetrovićMarko	Marko	Petrović	M
RS	PetrovićMira	Mira	Petrović	F
RS	PetrovićMirko	Mirko	Petrović	M
RS	PetrovićNebojša	Nebojša	Petrović	M
RS	PetrovićOlja	Olja	Petrović	F
RS	PetrovićPantelija	Pantelija	Petrović	M
RS	PetrovićPavle	Pavle	Petrović	M
RS	PetrovićPetar	Petar	Petrović	M
RS	PetrovićSnežana	Snežana	Petrović	F
RS	PetrovićSnežanaB	Snežana B.	Petrović	F
RS	PetrovićSnežanaR	Snežana R.	Petrović	F
RS	PetrovićSrba	Srba	Petrović	M
RS	PetrovićSrđan	Srđan	Petrović	M
RS	PetrovićStratije	Stratije	Petrović	M
RS	PetrovićVidoje	Vidoje	Petrović	M
RS	PetrovićŠkeroVida	Vida	Petrović Škero	F
RS	PetrušićNevena	Nevena	Petrušić	F
RS	PešaljLjubomir	Ljubomir	Pešalj	M
RS	PešićAna	Ana	Pešić	F
RS	PešićMilutin	Milutin	Pešić	M
RS	PešićOlivera	Olivera	Pešić	F
RS	PešićVesna	Vesna	Pešić	F
RS	PilipovićTamara	Tamara	Pilipović	F
RS	PisarevićDejan	Dejan	Pisarević	M
RS	PitićGoran	Goran	Pitić	M
RS	PivacŽarko	Žarko	Pivac	M
RS	PlećevićDušanka	Dušanka	Plećević	F
RS	PlužarevićVitomir	Vitomir	Plužarević	M
RS	PolovinaDragan	Dragan	Polovina	M
RS	PomoriškiBranislav	Branislav	Pomoriški	M
RS	PopLazićGordana	Gordana	Pop-Lazić	F
RS	PopovićAleksandar	Aleksandar	Popović	M
RS	PopovićBranko	Branko	Popović	M
RS	PopovićDejan	Dejan	Popović	M
RS	PopovićDragiša	Dragiša	Popović	M
RS	PopovićIvana	Ivana	Popović	F
RS	PopovićJudita	Judita	Popović	F
RS	PopovićMaja	Maja	Popović	F
RS	PopovićMilan	Milan	Popović	M
RS	PopovićMilena	Milena	Popović	F
RS	PopovićNemanja	Nemanja	Popović	M
RS	PopovićNenad	Nenad	Popović	M
RS	PopovićRelja	Relja	Popović	F
RS	PopovićSrđa	Srđa	Popović	M
RS	PopovićZoran	Zoran	Popović	M
RS	PopovićĐuro	Đuro	Popović	M
RS	PopovićPerišićNada	Nada	Popović Perišić	F
RS	PoskuricaMileta	Mileta	Poskurica	M
RS	PoturakMunir	Munir	Poturak	M
RS	PralicaZoran	Zoran	Pralica	M
RS	PramenkovićMisala	Misala	Pramenković	F
RS	PredinĐorđe	Đorđe	Predin	M
RS	PredićGordana	Gordana	Predić	F
RS	PredojevŽivica	Živica	Predojev	M
RS	PrelićDobrislav	Dobrislav	Prelić	M
RS	PribojacJelisaveta	Jelisaveta	Pribojac	F
RS	ProdanovićMilutin	Milutin	Prodanović	M
RS	ProkićNenad	Nenad	Prokić	M
RS	ProrokovićDušan	Dušan	Proroković	M
RS	ProtićČedomir	Čedomir	Protić	M
RS	PupinJustina	Justina	Pupin	F
RS	PupinKošćalJustina	Justina	Pupin Košćal	F
RS	PupovacAdrijana	Adrijana	Pupovac	F
RS	PurenovićMilovan	Milovan	Purenović	M
RS	PurićMihailo	Mihailo	Purić	M
RS	PásztorBálint	Bálint	Pásztor	M
RS	PékZoltán	Zoltán	Pék	M
RS	RacaRadisavljevićVesna	Vesna	Raca-Radisavljević	F
RS	RadakovićJanko	Janko	Radaković	M
RS	RadenkovićDejan	Dejan	Radenković	M
RS	RadenkovićMirela	Mirela	Radenković	F
RS	RadetaVjerica	Vjerica	Radeta	F
RS	RadinMilan	Milan	Radin	M
RS	RadinovićDragana	Dragana	Radinović	F
RS	RadivojčevićMiloš	Miloš	Radivojčević	M
RS	RadićGojko	Gojko	Radić	M
RS	RadićIvan	Ivan	Radić	M
RS	RadićZlatko	Zlatko	Radić	M
RS	RadičevićDalibor	Dalibor	Radičević	M
RS	RadoičićMomir	Momir	Radoičić	M
RS	RadojevićAleksandar	Aleksandar	Radojević	M
RS	RadojevićDušan	Dušan	Radojević	M
RS	RadojevićNemanja	Nemanja	Radojević	M
RS	RadojičićZoran	Zoran	Radojičić	M
RS	RadomanZoran	Zoran	Radoman	M
RS	RadončićIfeta	Ifeta	Radončić	M
RS	RadosavljevićAleksandar	Aleksandar	Radosavljević	M
RS	RadosavljevićNikola	Nikola	Radosavljević	M
RS	RadosavljevićNovica	Novica	Radosavljević	M
RS	RadovanovićDragomir	Dragomir	Radovanović	M
RS	RadovanovićMilovan	Milovan	Radovanović	M
RS	RadovanovićRadovan	Radovan	Radovanović	M
RS	RadovanovićSlobodan	Slobodan	Radovanović	M
RS	RadovanovićTanja	Tanja	Radovanović	F
RS	RadovanovićVladan	Vladan	Radovanović	M
RS	RadovanovićZoran	Zoran	Radovanović	M
RS	RadovančevŽivanko	Živanko	Radovančev	M
RS	RadovićDijana	Dijana	Radović	F
RS	RadovićDobrosav	Dobrosav	Radović	M
RS	RadovićMilica	Milica	Radović	F
RS	RadulovićDragica	Dragica	Radulović	F
RS	RadulovićMilan	Milan	Radulović	M
RS	RadulovićMiloš	Miloš	Radulović	M
RS	RadulovićSaša	Saša	Radulović	M
RS	RadulovićSima	Sima	Radulović	F
RS	RadulovićSlobodan	Slobodan	Radulović	M
RS	RafailovićDragan	Dragan	Rafailović	M
RS	RagušMarina	Marina	Raguš	F
RS	RaičevićRadovan	Radovan	Raičević	M
RS	RajevićNinoslav	Ninoslav	Rajević	M
RS	RajićGolub	Golub	Rajić	M
RS	RajićPredrag	Predrag	Rajić	M
RS	RajkovGordana	Gordana	Rajkov	F
RS	RajčićDejan	Dejan	Rajčić	M
RS	RakićKatarina	Katarina	Rakić	F
RS	RakićMajda	Majda	Rakić	F
RS	RakićMiodrag	Miodrag	Rakić	M
RS	RakonjacLjubinko	Ljubinko	Rakonjac	M
RS	RakonjacVesna	Vesna	Rakonjac	F
RS	RakovacGoran	Goran	Rakovac	M
RS	RakovićŽivorad	Živorad	Raković	M
RS	RankićBranislav	Branislav	Rankić	M
RS	RankovićBoris	Boris	Ranković	M
RS	RankovićBranko	Branko	Ranković	M
RS	RankovićSlobodan	Slobodan	Ranković	M
RS	RankovićVesna	Vesna	Ranković	F
RS	RančićBranimir	Branimir	Rančić	M
RS	RanđelovićMiljan	Miljan	Ranđelović	M
RS	RanđelovićMilutin	Milutin	Ranđelović	M
RS	RanđelovićNebojša	Nebojša	Ranđelović	M
RS	RatkovićVlatko	Vlatko	Ratković	M
RS	RađenovićDuško	Duško	Rađenović	M
RS	RašetaVukosavljevićMarija	Marija	Rašeta-Vukosavljević	F
RS	RaškovićIvićSanda	Sanda	Rašković Ivić	F
RS	RepacDesanka	Desanka	Repac	F
RS	RibaćIvan	Ivan	Ribać	M
RS	RistivojevićBranislav	Branislav	Ristivojević	M
RS	RistićBojana	Bojana	Ristić	F
RS	RistićBoško	Boško	Ristić	M
RS	RistićDejan	Dejan	Ristić	M
RS	RistićMarina	Marina	Ristić	F
RS	RistićSlaviša	Slaviša	Ristić	M
RS	RističevićMarijan	Marijan	Rističević	M
RS	RodićMilan	Milan	Rodić	M
RS	RodićNebojša	Nebojša	Rodić	M
RS	RogovićMićo	Mićo	Rogović	M
RS	RosićGvozden	Gvozden	Rosić	M
RS	RosićMirko	Mirko	Rosić	M
RS	RubakovićBiljana	Biljana	Rubaković	F
RS	RuždićTrifunovićLeila	Leila	Ruždić-Trifunović	F
RS	RužićBranko	Branko	Ružić	M
RS	SJovanovićDragan	Dragan	S. Jovanović	M
RS	SakićMilijana	Milijana	Sakić	F
RS	SamardžićMilorad	Milorad	Samardžić	M
RS	SamardžićSlobodan	Slobodan	Samardžić	M
RS	SamardžićMarkovićSnežana	Snežana	Samardžić Marković	F
RS	SamofalovKonstantin	Konstantin	Samofalov	M
RS	SaveljićSlavica	Slavica	Saveljić	F
RS	SavinZoran	Zoran	Savin	M
RS	SavićBorislav	Borislav	Savić	M
RS	SavićMilan	Milan	Savić	M
RS	SavićMiloje	Miloje	Savić	M
RS	SavićNikola	Nikola	Savić	M
RS	SavićPredrag	Predrag	Savić	M
RS	SavićPrvoslav	Prvoslav	Savić	M
RS	SavićRanka	Ranka	Savić	F
RS	SavićSlavica	Slavica	Savić	F
RS	SavkićDragan	Dragan	Savkić	M
RS	SavovićBiljana	Biljana	Savović	F
RS	SedlarSnežana	Snežana	Sedlar	F
RS	SekulićMilija	Milija	Sekulić	F
RS	SekulićVlado	Vlado	Sekulić	M
RS	SekulovićAna	Ana	Sekulović	F
RS	SekulovićVlatko	Vlatko	Sekulović	M
RS	SelakovićNikola	Nikola	Selaković	M
RS	SelakovićŽivko	Živko	Selaković	M
RS	SelimovićAlen	Alen	Selimović	M
RS	SelićLjubiša	Ljubiša	Selić	M
RS	SenićAleksandar	Aleksandar	Senić	M
RS	SenićVlajko	Vlajko	Senić	M
RS	SerićŽeljko	Željko	Serić	M
RS	SertićŽeljko	Željko	Sertić	M
RS	SečeiMihalj	Mihalj	Sečei	M
RS	SikimićDragan	Dragan	Sikimić	M
RS	SikimićSrđan	Srđan	Sikimić	M
RS	SilajevMilka	Milka	Silajev	F
RS	SilurisDemetris	Demetris	Siluris	M
RS	SimićSiniša	Siniša	Simić	M
RS	SimićVesna	Vesna	Simić	F
RS	SimićŽeljko	Željko	Simić	M
RS	SimonovićDragoljub	Dragoljub	Simonović	M
RS	SimonovićDunja	Dunja	Simonović	F
RS	SimonovićMiloš	Miloš	Simonović	M
RS	SimonovićVelimir	Velimir	Simonović	M
RS	SinadinovićRatko	Ratko	Sinadinović	M
RS	SlavkovićLjubivoje	Ljubivoje	Slavković	M
RS	SlavkovićSlaviša	Slaviša	Slavković	M
RS	SmiljanićAleksandra	Aleksandra	Smiljanić	F
RS	SmiljanićSrđan	Srđan	Smiljanić	M
RS	SmiljanićŽivorad	Živorad	Smiljanić	M
RS	SokolovićZoran	Zoran	Sokolović	M
RS	SoldatovićIgor	Igor	Soldatović	M
RS	SpahoSulejman	Sulejman	Spaho	M
RS	SpajićStevica	Stevica	Spajić	M
RS	SpasićBranimir	Branimir	Spasić	M
RS	SpasićDragan	Dragan	Spasić	M
RS	SpasićMomčilo	Momčilo	Spasić	M
RS	SpasojevićGoran	Goran	Spasojević	M
RS	SpasojevićSrđan	Srđan	Spasojević	M
RS	SpasojevićSuzana	Suzana	Spasojević	F
RS	SpirovskiMile	Mile	Spirovski	M
RS	SrbljanovićStefan	Stefan	Srbljanović	M
RS	SrdićBosiljka	Bosiljka	Srdić	F
RS	SretenovićJelica	Jelica	Sretenović	F
RS	SretenovićRadoslav	Radoslav	Sretenović	M
RS	SrećkovićMiroslav	Miroslav	Srećković	M
RS	SrećkovićSrđan	Srđan	Srećković	M
RS	StajkovićSlavoljub	Slavoljub	Stajković	M
RS	StambolićVesna	Vesna	Stambolić	F
RS	StamenkovićBranka	Branka	Stamenković	F
RS	StamenkovićDragoljub	Dragoljub	Stamenković	M
RS	StamenkovićJakov	Jakov	Stamenković	M
RS	StamenkovićMarina	Marina	Stamenković	F
RS	StamenkovićMiodrag	Miodrag	Stamenković	M
RS	StamenkovićSiniša	Siniša	Stamenković	M
RS	StanimirovićBora	Bora	Stanimirović	M
RS	StanimirovićMilan	Milan	Stanimirović	M
RS	StankovićMilan	Milan	Stanković	M
RS	StankovićMilena	Milena	Stanković	F
RS	StankovićMiroljub	Miroljub	Stanković	M
RS	StankovićMiroslava	Miroslava	Stanković	F
RS	StankovićZdravko	Zdravko	Stanković	M
RS	StankovićZoran	Zoran	Stanković	M
RS	StankovićŽivojin	Živojin	Stanković	M
RS	StankovićĐuričićMiroslava	Miroslava	Stanković Đuričić	F
RS	StanojevićBojana	Bojana	Stanojević	F
RS	StanojevićMilan	Milan	Stanojević	M
RS	StanojevićMilovan	Milovan	Stanojević	M
RS	StanojevićMomčilo	Momčilo	Stanojević	M
RS	StanojevićVelimir	Velimir	Stanojević	M
RS	StanojlovićVelibor	Velibor	Stanojlović	M
RS	StanulovMilorad	Milorad	Stanulov	M
RS	StarčevićStanko	Stanko	Starčević	M
RS	StarčevićŽivota	Života	Starčević	M
RS	StefanovićAleksandar	Aleksandar	Stefanović	M
RS	StefanovićBorislav	Borislav	Stefanović	M
RS	StefanovićGoran	Goran	Stefanović	M
RS	StefanovićLjubiša	Ljubiša	Stefanović	M
RS	StefanovićNebojša	Nebojša	Stefanović	M
RS	StefanovićŽivojin	Živojin	Stefanović	M
RS	StepićVesna	Vesna	Stepić	F
RS	StevanovićAleksandar	Aleksandar	Stevanović	M
RS	StevanovićAna	Ana	Stevanović	F
RS	StevanovićBranislav	Branislav	Stevanović	M
RS	StevanovićDragan	Dragan	Stevanović	M
RS	StevanovićJelena	Jelena	Stevanović	F
RS	StevanovićLjubiša	Ljubiša	Stevanović	M
RS	StevanovićMarija	Marija	Stevanović	F
RS	StevanovićMihajlo	Mihajlo	Stevanović	M
RS	StevanovićMilan	Milan	Stevanović	M
RS	StevanovićRajko	Rajko	Stevanović	M
RS	StevanovićStaniša	Staniša	Stevanović	M
RS	StevanovićVeroljub	Veroljub	Stevanović	M
RS	StevanovićZorica	Zorica	Stevanović	F
RS	StevićZvonimir	Zvonimir	Stević	M
RS	StevovićMilan	Milan	Stevović	M
RS	StjepanovićVesna	Vesna	Stjepanović	F
RS	StjepićŽivojin	Živojin	Stjepić	M
RS	StoiljkovskiAleksandar	Aleksandar	Stoiljkovski	M
RS	StoilovićMiodrag	Miodrag	Stoilović	M
RS	StojadinovićDanijela	Danijela	Stojadinović	F
RS	StojadinovićNinoslav	Ninoslav	Stojadinović	M
RS	StojakovićMilovanovićSvetlana	Svetlana	Stojaković-Milovanović	F
RS	StojanovićBranče	Branče	Stojanović	M
RS	StojanovićFilip	Filip	Stojanović	M
RS	StojanovićMomir	Momir	Stojanović	M
RS	StojanovićNevena	Nevena	Stojanović	F
RS	StojanovićOstoja	Ostoja	Stojanović	M
RS	StojanovićPredrag	Predrag	Stojanović	M
RS	StojanovićStudenka	Studenka	Stojanović	F
RS	StojanovićSvetlana	Svetlana	Stojanović	F
RS	StojanovićZoran	Zoran	Stojanović	M
RS	StojanovićPlavšićSnežana	Snežana	Stojanović-Plavšić	F
RS	StojanovićPlavšić2Snežana	Snežana	Stojanović-Plavšić2	F
RS	StojiljkovićDejan	Dejan	Stojiljković	M
RS	StojiljkovićIvana	Ivana	Stojiljković	F
RS	StojiljkovićVlajko	Vlajko	Stojiljković	M
RS	StojilkovićMomir	Momir	Stojilković	M
RS	StojkovićDušica	Dušica	Stojković	F
RS	StojkovićGoran	Goran	Stojković	M
RS	StojkovićMiodrag	Miodrag	Stojković	M
RS	StojkovićVelibor	Velibor	Stojković	M
RS	StojkovićZoran	Zoran	Stojković	M
RS	StojmenovićJovica	Jovica	Stojmenović	M
RS	StojmirovićLjubiša	Ljubiša	Stojmirović	M
RS	StojčićMiroljub	Miroljub	Stojčić	M
RS	StojšićNikola	Nikola	Stojšić	M
RS	StojšićZorica	Zorica	Stojšić	F
RS	StojšićĐorđe	Đorđe	Stojšić	M
RS	StošićDejan	Dejan	Stošić	M
RS	MiloradStošićHadži	Hadži Milorad	Stošić	M
RS	StošićHadžiMilorad	Hadži Milorad	Stošić	M
RS	StošićMilorad	Milorad	Stošić	M
RS	StošićPredrag	Predrag	Stošić	M
RS	StudenStanko	Stanko	Studen	M
RS	StuparDušan	Dušan	Stupar	M
RS	SubićMilenka	Milenka	Subić	F
RS	SubotičkiZoran	Zoran	Subotički	M
RS	SudimacLjubiša	Ljubiša	Sudimac	M
RS	SuljevićDžemail	Džemail	Suljević	M
RS	SuljevićXemail	Xemail	Suljević	M
RS	SušecŽeljko	Željko	Sušec	M
RS	SvilanovićGoran	Goran	Svilanović	M
RS	SvilarRade	Rade	Svilar	M
RS	SvirčevićRatimir	Ratimir	Svirčević	M
RS	TabakovićJorgovanka	Jorgovanka	Tabaković	F
RS	TadićBoris	Boris	Tadić	M
RS	TadićMiomir	Miomir	Tadić	M
RS	TakačIštvan	Ištvan	Takač	M
RS	TanasijevićZoran	Zoran	Tanasijević	M
RS	TandirSamir	Samir	Tandir	M
RS	TarbukDuško	Duško	Tarbuk	M
RS	TasićDragan	Dragan	Tasić	M
RS	TasićGoran	Goran	Tasić	M
RS	TasovacIvan	Ivan	Tasovac	M
RS	TatomirNebojša	Nebojša	Tatomir	M
RS	TeodorovićRadovan	Radovan	Teodorović	M
RS	TepićMarinika	Marinika	Tepić	F
RS	TerzićMiloš	Miloš	Terzić	M
RS	TintorStojan	Stojan	Tintor	M
RS	TiosavićŽivorad	Živorad	Tiosavić	M
RS	TišmaJovan	Jovan	Tišma	M
RS	TišmaSmilja	Smilja	Tišma	F
RS	TodorovićDragan	Dragan	Todorović	M
RS	TodorovićJovan	Jovan	Todorović	M
RS	TodorovićMarija	Marija	Todorović	F
RS	TodorovićMiloš	Miloš	Todorović	M
RS	TodorovićNikola	Nikola	Todorović	M
RS	TodorovićSonja	Sonja	Todorović	F
RS	TodorovićVasilije	Vasilije	Todorović	M
RS	TodorovićĐorđe	Đorđe	Todorović	M
RS	Todorović2Dragan	Dragan	Todorović2	M
RS	TomanMarina	Marina	Toman	F
RS	TomanovaMakanovaAna	Ana	Tomanova-Makanova	F
RS	TomaševićVukosav	Vukosav	Tomašević	M
RS	TomaševićDamnjanovićTanja	Tanja	Tomašević Damnjanović	F
RS	TomićAleksandra	Aleksandra	Tomić	F
RS	TomićDragan	Dragan	Tomić	M
RS	TomićMiroljub	Miroljub	Tomić	M
RS	TomićVojkan	Vojkan	Tomić	M
RS	TomićZoran	Zoran	Tomić	M
RS	TomićŽeljko	Željko	Tomić	M
RS	TomovićSlobodan	Slobodan	Tomović	M
RS	TomčićMilovan	Milovan	Tomčić	M
RS	TončevIvica	Ivica	Tončev	M
RS	TončevNovica	Novica	Tončev	M
RS	TopalovićSlaviša	Slaviša	Topalović	M
RS	TopalovićZdravko	Zdravko	Topalović	M
RS	TopićGordana	Gordana	Topić	F
RS	TorbicaBojan	Bojan	Torbica	M
RS	TordeLaslo	Laslo	Torde	M
RS	TotTamaš	Tamaš	Tot	M
RS	TošanićMiloš	Miloš	Tošanić	M
RS	TošićBranislav	Branislav	Tošić	M
RS	TošićVelinka	Velinka	Tošić	F
RS	ToškovićVučeta	Vučeta	Tošković	M
RS	TrajkovićBranimir	Branimir	Trajković	M
RS	TrajkovićMomčilo	Momčilo	Trajković	M
RS	TrajkovićRada	Rada	Trajković	F
RS	TrajkovićVeselin	Veselin	Trajković	M
RS	TravarMiljevićJelena	Jelena	Travar Miljević	F
RS	TripićTamara	Tamara	Tripić	F
RS	TrivanGoran	Goran	Trivan	M
RS	TrivanJelena	Jelena	Trivan	F
RS	TrkuljaAleksandar	Aleksandar	Trkulja	M
RS	TrnavčevićZaharije	Zaharije	Trnavčević	M
RS	TrninićZoran	Zoran	Trninić	M
RS	TubićDušan	Dušan	Tubić	M
RS	TucakovićSanja	Sanja	Tucaković	F
RS	TulimirovićNikola	Nikola	Tulimirović	M
RS	TurkMilena	Milena	Turk	F
RS	TvrdišićRadovan	Radovan	Tvrdišić	M
RS	TóthTamaś	Tamaś	Tóth	M
RS	UdovičićVanja	Vanja	Udovičić	M
RS	UdovičkiKori	Kori	Udovički	F
RS	UgljaninSulejman	Sulejman	Ugljanin	M
RS	UjheljiAkoš	Akoš	Ujhelji	M
RS	UmičevićPredrag	Predrag	Umičević	M
RS	UnkovićSlavenko	Slavenko	Unković	M
RS	UriEmeše	Emeše	Uri	M
RS	UroševićAdam	Adam	Urošević	M
RS	UroševićMilan	Milan	Urošević	M
RS	UroševićSava	Sava	Urošević	M
RS	Urošević2Milan	Milan	Urošević2	M
RS	UzelacDušan	Dušan	Uzelac	M
RS	VaitIbro	Ibro	Vait	M
RS	VakićBranislav	Branislav	Vakić	M
RS	ValjarevićSaša	Saša	Valjarević	M
RS	VargaLászló	László	Varga	M
RS	VarinacSaša	Saša	Varinac	M
RS	VasiljevićBratimir	Bratimir	Vasiljević	M
RS	VasiljevićMiroslav	Miroslav	Vasiljević	M
RS	VasiljevićČedomir	Čedomir	Vasiljević	M
RS	VasiljevićŽeljko	Željko	Vasiljević	M
RS	VasićLjubica	Ljubica	Vasić	F
RS	VasićVladan	Vladan	Vasić	M
RS	VasićZoran	Zoran	Vasić	M
RS	VasovićJasmina	Jasmina	Vasović	F
RS	VatovićAleksandar	Aleksandar	Vatović	M
RS	VeinovićNevena	Nevena	Veinović	F
RS	VeličkovićMiroslav	Miroslav	Veličković	M
RS	VeličkovićSlobodan	Slobodan	Veličković	M
RS	VeljkovićDragan	Dragan	Veljković	M
RS	VeljkovićJelisaveta	Jelisaveta	Veljković	F
RS	VeljkovićMiroljub	Miroljub	Veljković	M
RS	VeljkovićVojin	Vojin	Veljković	M
RS	VeljovićDanijela	Danijela	Veljović	F
RS	VenkajNaiduM	Naidu M.	Venkaj	M
RS	VerbićSrđan	Srđan	Verbić	M
RS	VeselinovDragan	Dragan	Veselinov	M
RS	VeselinovićJanko	Janko	Veselinović	M
RS	VeselinovićMilan	Milan	Veselinović	M
RS	VeselinovićRadoslav	Radoslav	Veselinović	M
RS	VeselićJela	Jela	Veselić	F
RS	VeselićJelena	Jelena	Veselić	F
RS	VesićGoran	Goran	Vesić	M
RS	VesovićDragan	Dragan	Vesović	M
RS	VesovićPetar	Petar	Vesović	M
RS	VicoRatomir	Ratomir	Vico	M
RS	VicsekAnnamária	Annamária	Vicsek	F
RS	VidenovićMaja	Maja	Videnović	F
RS	VijukKatica	Katica	Vijuk	F
RS	VitoševićSaša	Saša	Vitošević	M
RS	VičekAnamarija	Anamarija	Viček	F
RS	VladimirovićŽivan	Živan	Vladimirović	M
RS	VlahovićAleksandar	Aleksandar	Vlahović	M
RS	VlahovićSlobodan	Slobodan	Vlahović	M
RS	VlahovićSonja	Sonja	Vlahović	F
RS	VlahovićTeodora	Teodora	Vlahović	F
RS	VlajkovićSlavoljub	Slavoljub	Vlajković	M
RS	VlaovićMika	Mika	Vlaović	M
RS	VlatkovićDušan	Dušan	Vlatković	M
RS	VojinovićBoban	Boban	Vojinović	M
RS	VojinovićDragoljub	Dragoljub	Vojinović	M
RS	VojinovićNikola	Nikola	Vojinović	M
RS	VojićMarkovićMilica	Milica	Vojić Marković	F
RS	VolodinVjačeslav	Vjačeslav	Volodin	M
RS	VondračekRadek	Radek	Vondraček	M
RS	VrbaškiStevan	Stevan	Vrbaški	M
RS	VrceljŽivko	Živko	Vrcelj	M
RS	VucevicMiloš	Miloš	Vucevic	M
RS	VujadinovićDragan	Dragan	Vujadinović	M
RS	VujadinovićMilimir	Milimir	Vujadinović	M
RS	VujadinovićNevena	Nevena	Vujadinović	F
RS	VujanovićBožidar	Božidar	Vujanović	M
RS	VujačićSlobodan	Slobodan	Vujačić	M
RS	VujićBožidar	Božidar	Vujić	M
RS	VujićJelena	Jelena	Vujić	F
RS	VujićVojislav	Vojislav	Vujić	M
RS	VujićObradovićJelena	Jelena	Vujić Obradović	F
RS	VujičićDanijela	Danijela	Vujičić	F
RS	VujovićDušan	Dušan	Vujović	M
RS	VujovićIrena	Irena	Vujović	F
RS	VujovićRadoslav	Radoslav	Vujović	M
RS	VujovićSlavoljub	Slavoljub	Vujović	M
RS	VukadinovićGoran	Goran	Vukadinović	M
RS	VukadinovićZoran	Zoran	Vukadinović	M
RS	VukadinovićĐorđe	Đorđe	Vukadinović	M
RS	VukelićNikola	Nikola	Vukelić	M
RS	VukićVanja	Vanja	Vukić	M
RS	VukićevićLidija	Lidija	Vukićević	F
RS	VukićevićTanja	Tanja	Vukićević	F
RS	VukmiricaSvetislav	Svetislav	Vukmirica	M
RS	VukomanovićDijana	Dijana	Vukomanović	F
RS	VukosavljevićVladan	Vladan	Vukosavljević	M
RS	VukovićJadranko	Jadranko	Vuković	M
RS	VukovićMilan	Milan	Vuković	M
RS	VukovićMilivoje	Milivoje	Vuković	M
RS	VukovićSimo	Simo	Vuković	M
RS	VukovićSlobodan	Slobodan	Vuković	M
RS	VuksanovićDragan	Dragan	Vuksanović	M
RS	VuksanovićMomčilo	Momčilo	Vuksanović	M
RS	VuksanovićSlobodan	Slobodan	Vuksanović	M
RS	VukčevićVladimir	Vladimir	Vukčević	M
RS	VukšićDragan	Dragan	Vukšić	M
RS	VulinAleksandar	Aleksandar	Vulin	M
RS	VulovićSrđan	Srđan	Vulović	M
RS	VučelićMilorad	Milorad	Vučelić	M
RS	VučetićJezdimir	Jezdimir	Vučetić	M
RS	VučićAleksandar	Aleksandar	Vučić	M
RS	VučićBorka	Borka	Vučić	F
RS	VučićMiroslav	Miroslav	Vučić	M
RS	VučićevićVladan	Vladan	Vučićević	M
RS	VučkovićMilan	Milan	Vučković	M
RS	VučkovićNataša	Nataša	Vučković	F
RS	VučkovićSlobodan	Slobodan	Vučković	M
RS	VučurovićBožidar	Božidar	Vučurović	M
RS	ZagrađaninVladan	Vladan	Zagrađanin	M
RS	ZaharijevVladimir	Vladimir	Zaharijev	M
RS	ZankovStefan	Stefan	Zankov	M
RS	ZdravkovićLjiljana	Ljiljana	Zdravković	F
RS	ZdravkovićMilivoje	Milivoje	Zdravković	M
RS	ZdravkovićNebojša	Nebojša	Zdravković	M
RS	ZdravkovićRadoslav	Radoslav	Zdravković	M
RS	ZelenovićNebojša	Nebojša	Zelenović	M
RS	ZeljugMarko	Marko	Zeljug	M
RS	ZečevićBogoljub	Bogoljub	Zečević	M
RS	ZečevićIvana	Ivana	Zečević	F
RS	ZindovićDragoljub	Dragoljub	Zindović	M
RS	ZindovićMiljana	Miljana	Zindović	F
RS	ZirićBojan	Bojan	Zirić	M
RS	ZlatanovićSlaviša	Slaviša	Zlatanović	M
RS	ZorićGordana	Gordana	Zorić	F
RS	ZukorlićMuamer	Muamer	Zukorlić	M
RS	ĆelovićFerzo	Ferzo	Ćelović	M
RS	ĆeranNebojša	Nebojša	Ćeran	M
RS	ĆirićGoran	Goran	Ćirić	M
RS	ĆirićNebojša	Nebojša	Ćirić	M
RS	ĆirkovićZoran	Zoran	Ćirković	M
RS	ĆorilićMilena	Milena	Ćorilić	F
RS	ĆorovićAida	Aida	Ćorović	F
RS	ĆosovićSamira	Samira	Ćosović	F
RS	ĆulibrkMarko	Marko	Ćulibrk	M
RS	ĆuseSokolj	Sokolj	Ćuse	M
RS	ČabarkapaĐorđe	Đorđe	Čabarkapa	M
RS	ČabradiGoran	Goran	Čabradi	M
RS	ČabrajaAleksandra	Aleksandra	Čabraja	F
RS	ČabrićGordana	Gordana	Čabrić	F
RS	ČamagićAleksandra	Aleksandra	Čamagić	F
RS	ČanakNenad	Nenad	Čanak	M
RS	ČanovićPredrag	Predrag	Čanović	M
RS	ČapoDejan	Dejan	Čapo	M
RS	ČarapićAna	Ana	Čarapić	F
RS	ČavićLazar	Lazar	Čavić	M
RS	ČavićZoran	Zoran	Čavić	M
RS	ČavušogluMevlut	Mevlut	Čavušoglu	M
RS	ČekovićSanja	Sanja	Čeković	F
RS	ČerovićSlobodan	Slobodan	Čerović	M
RS	ČetrovićMiljko	Miljko	Četrović	M
RS	ČikirizMirko	Mirko	Čikiriz	M
RS	ČikošJosip	Josip	Čikoš	M
RS	ČiplićSvetozar	Svetozar	Čiplić	M
RS	ČizikKarolj	Karolj	Čizik	M
RS	ČizmašJon	Jon	Čizmaš	M
RS	ČojčićSava	Sava	Čojčić	M
RS	ČokićČolePredrag	Predrag	Čokić-Čole	M
RS	ČolakovićMomo	Momo	Čolaković	M
RS	ČolićDragan	Dragan	Čolić	M
RS	ČolićLjiljana	Ljiljana	Čolić	F
RS	ČomićGordana	Gordana	Čomić	F
RS	ČonjagićSovranije	Sovranije	Čonjagić	M
RS	ČotrićAleksandar	Aleksandar	Čotrić	M
RS	ČovićNebojša	Nebojša	Čović	M
RS	ČučkovićMiroslav	Miroslav	Čučković	M
RS	ĐelićBožidar	Božidar	Đelić	M
RS	ĐerićZlata	Zlata	Đerić	F
RS	ĐidićMiodrag	Miodrag	Đidić	M
RS	ĐilasDragan	Dragan	Đilas	M
RS	ĐinđićZoran	Zoran	Đinđić	M
RS	ĐivanovićDaniel	Daniel	Đivanović	M
RS	ĐokićBranimir	Branimir	Đokić	M
RS	ĐokićMilan	Milan	Đokić	M
RS	ĐokićNenad	Nenad	Đokić	M
RS	ĐokićZvonimir	Zvonimir	Đokić	M
RS	ĐokovićDragiša	Dragiša	Đoković	M
RS	ĐokovićLjubiša	Ljubiša	Đoković	M
RS	ĐokovićMirjana	Mirjana	Đoković	F
RS	ĐorđeĐorđe	Đorđe	Đorđe	M
RS	ĐorđevićAleksandar	Aleksandar	Đorđević	M
RS	ĐorđevićBojana	Bojana	Đorđević	F
RS	ĐorđevićJovan	Jovan	Đorđević	M
RS	ĐorđevićMiodrag	Miodrag	Đorđević	M
RS	ĐorđevićZoran	Zoran	Đorđević	M
RS	ĐorđevićŽivorad	Živorad	Đorđević	M
RS	ĐukanovićVladimir	Vladimir	Đukanović	M
RS	ĐukićSlavica	Slavica	Đukić	F
RS	ĐukićSnežana	Snežana	Đukić	F
RS	ĐukićDejanovićSlavica	Slavica	Đukić-Dejanović	F
RS	ĐukovićDragana	Dragana	Đuković	F
RS	ĐuraškovićNovica	Novica	Đurašković	M
RS	ĐuricaMilan	Milan	Đurica	M
RS	ĐurićArsen	Arsen	Đurić	M
RS	ĐurićBojan	Bojan	Đurić	M
RS	ĐurićBratislav	Bratislav	Đurić	M
RS	ĐurićDejan	Dejan	Đurić	M
RS	ĐurićMarko	Marko	Đurić	M
RS	ĐurićMilutin	Milutin	Đurić	M
RS	ĐurićNevena	Nevena	Đurić	F
RS	ĐurićRajko	Rajko	Đurić	M
RS	ĐurićSlavoljub	Slavoljub	Đurić	M
RS	ĐurićVladimir	Vladimir	Đurić	M
RS	ĐuričićTihomir	Tihomir	Đuričić	M
RS	ĐurišićMarko	Marko	Đurišić	M
RS	ĐurišićŽivan	Živan	Đurišić	M
RS	ĐurkovićMilivoje	Milivoje	Đurković	M
RS	ĐurovićAleksandra	Aleksandra	Đurović	F
RS	ĐurovićBranko	Branko	Đurović	M
RS	ĐurovićDušan	Dušan	Đurović	M
RS	ĐurovićLjiljana	Ljiljana	Đurović	F
RS	ĐurđevićDejan	Dejan	Đurđević	M
RS	ĐurđevićRadomir	Radomir	Đurđević	M
RS	ŠabićRodoljub	Rodoljub	Šabić	M
RS	ŠabovićGulbehar	Gulbehar	Šabović	M
RS	ŠajnSrđan	Srđan	Šajn	M
RS	ŠamiZoran	Zoran	Šami	M
RS	ŠandorJožef	Jožef	Šandor	M
RS	ŠandorMelank	Melank	Šandor	M
RS	ŠandorPal	Pal	Šandor	M
RS	ŠapićAleksandar	Aleksandar	Šapić	M
RS	ŠaracSuzana	Suzana	Šarac	F
RS	ŠarovićAleksandra	Aleksandra	Šarović	F
RS	ŠarovićNemanja	Nemanja	Šarović	M
RS	ŠarovićNikola	Nikola	Šarović	M
RS	ŠarčevićMladen	Mladen	Šarčević	M
RS	ŠehovićBajram	Bajram	Šehović	M
RS	ŠerifovEdip	Edip	Šerifov	M
RS	ŠevarlićMiladin	Miladin	Ševarlić	M
RS	ŠešeljAleksandar	Aleksandar	Šešelj	M
RS	ŠešeljVojislav	Vojislav	Šešelj	M
RS	ŠijakovićBogoljub	Bogoljub	Šijaković	M
RS	ŠkrbićMilan	Milan	Škrbić	M
RS	ŠkundrićPetar	Petar	Škundrić	M
RS	ŠljivićMilomir	Milomir	Šljivić	M
RS	ŠormazDragan	Dragan	Šormaz	M
RS	ŠoškićDejan	Dejan	Šoškić	M
RS	ŠtambukVladimir	Vladimir	Štambuk	M
RS	ŠtimacMilko	Milko	Štimac	M
RS	ŠukaloAdam	Adam	Šukalo	M
RS	ŠulcMartin	Martin	Šulc	M
RS	ŠulkićDejan	Dejan	Šulkić	M
RS	ŠumaracDragoslav	Dragoslav	Šumarac	M
RS	ŠutanovacDragan	Dragan	Šutanovac	M
RS	ŠušnjarKatarina	Katarina	Šušnjar	F
RS	ŽarićKovačevićJelena	Jelena	Žarić Kovačević	F
RS	ŽigmanovTomislav	Tomislav	Žigmanov	M
RS	ŽikićDragan	Dragan	Žikić	M
RS	ŽirošJankelićAniko	Aniko	Žiroš-Jankelić	M
RS	ŽivadinovićIvan	Ivan	Živadinović	M
RS	ŽivanovićSrboljub	Srboljub	Živanović	M
RS	ŽivkovDragan	Dragan	Živkov	M
RS	ŽivkovMilucu	Milucu	Živkov	M
RS	ŽivkovićDragoljub	Dragoljub	Živković	M
RS	ŽivkovićMilenko	Milenko	Živković	M
RS	ŽivkovićMilinko	Milinko	Živković	M
RS	ŽivkovićMiroslav	Miroslav	Živković	M
RS	ŽivkovićPredrag	Predrag	Živković	M
RS	ŽivkovićSlavica	Slavica	Živković	F
RS	ŽivkovićVojislav	Vojislav	Živković	M
RS	ŽivkovićZoran	Zoran	Živković	M
RS	ŽivkucinSlobodan	Slobodan	Živkucin	M
RS	ŽivojinovićVelimir	Velimir	Živojinović	M
RS	ŽivotićIlija	Ilija	Životić	M
RS	ŽunićMilovan	Milovan	Žunić	M
RS	ŽuraViorel	Viorel	Žura	M
RS	ŽutićNikola	Nikola	Žutić	M
