Country	SpeakerID	Name	Sex	
LT	AčienėVida	Ačienė, Vida	F
LT	AdomėnasMantas	Adomėnas, Mantas	M
LT	AleknaVirgilijus	Alekna, Virgilijus	M
LT	AleknaitėAbramikienėVilija	Aleknaitė Abramikienė, Vilija	F
LT	AndrikisRimas	Andrikis, Rimas	M
LT	AnušauskasArvydas	Anušauskas, Arvydas	M
LT	ArmonaitėAušrinė	Armonaitė, Aušrinė	F
LT	AžubalisAudronius	Ažubalis, Audronius	M
LT	ĄžuolasValius	Ąžuolas, Valius	M
LT	BacvinkaKęstutis	Bacvinka, Kęstutis	M
LT	BakasVytautas	Bakas, Vytautas	M
LT	BalsysLinas	Balsys, Linas	M
LT	BartkevičiusKęstutis	Bartkevičius, Kęstutis	M
LT	BastysMindaugas	Bastys, Mindaugas	M
LT	BaškienėRima	Baškienė, Rima	F
LT	BaublysJuozas	Baublys, Juozas	M
LT	BauraAntanas	Baura, Antanas	M
LT	BernatonisJuozas	Bernatonis, Juozas	M
LT	BilotaitėAgnė	Bilotaitė, Agnė	F
LT	BradauskasBronius	Bradauskas, Bronius	M
LT	BudbergytėRasa	Budbergytė, Rasa	F
LT	BukauskasValentinas	Bukauskas, Valentinas	M
LT	BurokienėGuoda	Burokienė, Guoda	F
LT	ButkevičiusAlgirdas	Butkevičius, Algirdas	M
LT	ČimbarasPetras	Čimbaras, Petras	M
LT	Čmilytė-nielsenViktorija	Čmilytė-Nielsen, Viktorija	F
LT	DagysRimantasJonas	Dagys, Rimantas Jonas	M
LT	DegutienėIrena	Degutienė, Irena	F
LT	DumbravaAlgimantas	Dumbrava, Algimantas	M
LT	DžiugelisJustas	Džiugelis, Justas	M
LT	GaidžiūnasAurimas	Gaidžiūnas, Aurimas	M
LT	GailiusVitalijus	Gailius, Vitalijus	M
LT	GaižauskasDainius	Gaižauskas, Dainius	M
LT	GedvilienėAistė	Gedvilienė, Aistė	F
LT	GelūnasArūnas	Gelūnas, Arūnas	M
LT	GentvilasEugenijus	Gentvilas, Eugenijus	M
LT	GentvilasSimonas	Gentvilas, Simonas	M
LT	GlaveckasKęstutis	Glaveckas, Kęstutis	M
LT	GražulisPetras	Gražulis, Petras	M
LT	GumuliauskasArūnas	Gumuliauskas, Arūnas	M
LT	HaaseIrena	Haase, Irena	F
LT	ImbrasasJuozas	Imbrasas, Juozas	M
LT	JakeliūnasStasys	Jakeliūnas, Stasys	M
LT	JankuvienėAudronė	Jankuvienė, Audronė	F
LT	JarutisJonas	Jarutis, Jonas	M
LT	JedinskijZbignev	Jedinskij, Zbignev	M
LT	JonaitisLiudas	Jonaitis, Liudas	M
LT	JovaišaEugenijus	Jovaiša, Eugenijus	M
LT	JovaišaSergejus	Jovaiša, Sergejus	M
LT	JuknevičienėRasa	Juknevičienė, Rasa	F
LT	JuozapaitisVytautas	Juozapaitis, Vytautas	M
LT	JuškaRičardas	Juška, Ričardas	M
LT	KamblevičiusVytautas	Kamblevičius, Vytautas	M
LT	KaminskasDarius	Kaminskas, Darius	M
LT	KarbauskisRamūnas	Karbauskis, Ramūnas	M
LT	KasčiūnasLaurynas	Kasčiūnas, Laurynas	M
LT	KepenisDainius	Kepenis, Dainius	M
LT	KernagisVytautas	Kernagis, Vytautas	M
LT	KildišienėGreta	Kildišienė, Greta	F
LT	KindurysGintautas	Kindurys, Gintautas	M
LT	KirkilasGediminas	Kirkilas, Gediminas	M
LT	KirkutisAlgimantas	Kirkutis, Algimantas	M
LT	KravčionokVanda	Kravčionok, Vanda	F
LT	KreivysDainius	Kreivys, Dainius	M
LT	KubilienėAsta	Kubilienė, Asta	F
LT	KubiliusAndrius	Kubilius, Andrius	M
LT	KupčinskasAndrius	Kupčinskas, Andrius	M
LT	KuzmickienėPaulė	Kuzmickienė, Paulė	F
LT	LandsbergisGabrielius	Landsbergis, Gabrielius	M
LT	LangaitisTadas	Langaitis, Tadas	M
LT	LiesysJonas	Liesys, Jonas	M
LT	LinkevičiusLinasAntanas	Linkevičius, Linas Antanas	M
LT	MackevičMichal	Mackevič, Michal	M
LT	MajauskasMykolas	Majauskas, Mykolas	M
LT	MaldeikienėAušra	Maldeikienė, Aušra	F
LT	MarkauskasBronius	Markauskas, Bronius	M
LT	MartinėlisRaimundas	Martinėlis, Raimundas	M
LT	MasiulisKęstutis	Masiulis, Kęstutis	M
LT	MatelisBronislovas	Matelis, Bronislovas	M
LT	MatkevičienėLaimutė	Matkevičienė, Laimutė	F
LT	MatulasAntanas	Matulas, Antanas	M
LT	MazuronisAndrius	Mazuronis, Andrius	M
LT	MažeikaKęstutis	Mažeika, Kęstutis	M
LT	MiliūtėRūta	Miliūtė, Rūta	F
LT	Morkūnaitė-mikulėnienėRadvilė	Morkūnaitė-Mikulėnienė, Radvilė	F
LT	NarkevičJaroslav	Narkevič, Jaroslav	M
LT	NausėdaAlfredasStasys	Nausėda, Alfredas Stasys	M
LT	NavickasAndrius	Navickas, Andrius	M
LT	NavickienėMonika	Navickienė, Monika	F
LT	NekrošiusArvydas	Nekrošius, Arvydas	M
LT	NevulisPetras	Nevulis, Petras	M
LT	NorkienėAušrinė	Norkienė, Aušrinė	F
LT	OlekasJuozas	Olekas, Juozas	M
LT	OlševskiČeslav	Olševski, Česlav	M
LT	PalionisAndrius	Palionis, Andrius	M
LT	PapirtienėAušra	Papirtienė, Aušra	F
LT	PavilionisŽygimantas	Pavilionis, Žygimantas	M
LT	PetrauskienėRasa	Petrauskienė, Rasa	F
LT	PoderysVirgilijus	Poderys, Virgilijus	M
LT	PopovienėRaminta	Popovienė, Raminta	F
LT	PranckietisViktoras	Pranckietis, Viktoras	M
LT	PuidokasMindaugas	Puidokas, Mindaugas	M
LT	PūkasKęstutis	Pūkas, Kęstutis	M
LT	PupinisEdmundas	Pupinis, Edmundas	M
LT	PuteikisNaglis	Puteikis, Naglis	M
LT	RastenisVytautas	Rastenis, Vytautas	M
LT	RazmaJurgis	Razma, Jurgis	M
LT	RimkusJuozas	Rimkus, Juozas	M
LT	RinkevičiusViktoras	Rinkevičius, Viktoras	M
LT	RozovaIrina	Rozova, Irina	F
LT	SabatauskasJulius	Sabatauskas, Julius	M
LT	SalamakinasAlgimantas	Salamakinas, Algimantas	M
LT	SaudargasPaulius	Saudargas, Paulius	M
LT	SimulikValerijus	Simulik, Valerijus	M
LT	SinkevičiusRimantas	Sinkevičius, Rimantas	M
LT	SinkevičiusVirginijus	Sinkevičius, Virginijus	M
LT	SysasAlgirdas	Sysas, Algirdas	M
LT	SkaistėGintarė	Skaistė, Gintarė	F
LT	SkardžiusArtūras	Skardžius, Artūras	M
LT	SkvernelisSaulius	Skvernelis, Saulius	M
LT	SmirnovasKęstutis	Smirnovas, Kęstutis	M
LT	StacevičiusLauras	Stacevičius, Lauras	M
LT	StančikasAndriejus	Stančikas, Andriejus	M
LT	StaniuvienėLevutė	Staniuvienė, Levutė	F
LT	StarkevičiusKazys	Starkevičius, Kazys	M
LT	SteponavičiusGintaras	Steponavičius, Gintaras	M
LT	StreikusZenonas	Streikus, Zenonas	M
LT	StrelčiūnasAlgis	Strelčiūnas, Algis	M
LT	ŠakalienėDovilė	Šakalienė, Dovilė	F
LT	ŠalaševičiūtėRimantė	Šalaševičiūtė, Rimantė	F
LT	ŠarknickasRobertas	Šarknickas, Robertas	M
LT	ŠedbarasStasys	Šedbaras, Stasys	M
LT	ŠiaulienėIrena	Šiaulienė, Irena	F
LT	ŠimasAudrys	Šimas, Audrys	M
LT	ŠimonytėIngrida	Šimonytė, Ingrida	F
LT	ŠirinskienėAgnė	Širinskienė, Agnė	F
LT	TalmontLeonard	Talmont, Leonard	M
LT	TamašunienėRita	Tamašunienė, Rita	F
LT	TomilinasTomas	Tomilinas, Tomas	M
LT	TumėnasStasys	Tumėnas, Stasys	M
LT	UrbšysPovilas	Urbšys, Povilas	M
LT	VaičekauskasGintaras	Vaičekauskas, Gintaras	M
LT	ValiukevičiūtėOna	Valiukevičiūtė, Ona	F
LT	ValiūnasPetras	Valiūnas, Petras	M
LT	VareikisEgidijus	Vareikis, Egidijus	M
LT	VarkalysJonas	Varkalys, Jonas	M
LT	VaržgalysJuozas	Varžgalys, Juozas	M
LT	VasiliauskasGediminas	Vasiliauskas, Gediminas	M
LT	VerygaAurelijus	Veryga, Aurelijus	M
LT	VingrienėVirginija	Vingrienė, Virginija	F
LT	VinkusAntanas	Vinkus, Antanas	M
LT	ZingerisEmanuelis	Zingeris, Emanuelis	M
LT	ŽemaitaitisRemigijus	Žemaitaitis, Remigijus	M
LT	ŽilinskasRokas	Žilinskas, Rokas	M
LT	AčasRemigijus	Ačas, Remigijus	M
LT	AndriukaitisVytenisPovilas	Andriukaitis, Vytenis Povilas	M
LT	AuštrevičiusPetras	Auštrevičius, Petras	M
LT	BalčytisZigmantas	Balčytis, Zigmantas	M
LT	BaltraitienėVirginija	Baltraitienė, Virginija	F
LT	BirutisŠarūnas	Birutis, Šarūnas	M
LT	BlinkevičiūtėVilija	Blinkevičiūtė, Vilija	F
LT	BrundzaStasys	Brundza, Stasys	M
LT	BucevičiusSaulius	Bucevičius, Saulius	M
LT	ČigriejienėVidaMarija	Čigriejienė, Vida Marija	F
LT	DaukšysKęstutis	Daukšys, Kęstutis	M
LT	DmitrijevSergej	Dmitrijev, Sergej	M
LT	DmitrijevaLarisa	Dmitrijeva, Larisa	F
LT	DudėnasArūnas	Dudėnas, Arūnas	M
LT	DumčiusArimantas	Dumčius, Arimantas	M
LT	FilipovičienėVilija	Filipovičienė, Vilija	F
LT	FiodorovasViktoras	Fiodorovas, Viktoras	M
LT	GapšysVytautas	Gapšys, Vytautas	M
LT	GedvilasVydas	Gedvilas, Vydas	M
LT	GylysPovilas	Gylys, Povilas	M
LT	GraužinienėLoreta	Graužinienė, Loreta	F
LT	GrybauskasKazys	Grybauskas, Kazys	M
LT	GustainisŠarūnas	Gustainis, Šarūnas	M
LT	JakavonisGediminas	Jakavonis, Gediminas	M
LT	JakimavičiusSaulius	Jakimavičius, Saulius	M
LT	JankauskasDonatas	Jankauskas, Donatas	M
LT	JonylaEdmundas	Jonyla, Edmundas	M
LT	JuodkaBenediktas	Juodka, Benediktas	M
LT	KašėtaAlgis	Kašėta, Algis	M
LT	KazlavickasLiutauras	Kazlavickas, Liutauras	M
LT	KomskisKęstas	Komskis, Kęstas	M
LT	KondrotasJonas	Kondrotas, Jonas	M
LT	KuodytėDalia	Kuodytė, Dalia	F
LT	KupčinskasRytas	Kupčinskas, Rytas	M
LT	KuzminskasKazimieras	Kuzminskas, Kazimieras	M
LT	KvetkovskijJuzef	Kvetkovskij, Juzef	M
LT	LeiputėOrinta	Leiputė, Orinta	F
LT	LydekaArminas	Lydeka, Arminas	M
LT	MargevičienėVincėVaidevutė	Margevičienė, Vincė Vaidevutė	F
LT	MarkauskasRaimundas	Markauskas, Raimundas	M
LT	MasiulisEligijus	Masiulis, Eligijus	M
LT	MatulevičiusVytautasAntanas	Matulevičius, Vytautas Antanas	M
LT	MazuronisValentinas	Mazuronis, Valentinas	M
LT	MikalauskasVidas	Mikalauskas, Vidas	M
LT	MikolaitisGintautas	Mikolaitis, Gintautas	M
LT	MikutienėDangutė	Mikutienė, Dangutė	F
LT	MiškinienėKristina	Miškinienė, Kristina	F
LT	MitrulevičiusAlbinas	Mitrulevičius, Albinas	M
LT	MockusArvydas	Mockus, Arvydas	M
LT	MonkauskaitėAlma	Monkauskaitė, Alma	F
LT	NakasAudrius	Nakas, Audrius	M
LT	NarkevičiusPetras	Narkevičius, Petras	M
LT	NesteckisAntanas	Nesteckis, Antanas	M
LT	PalevičZdzislav	Palevič, Zdzislav	M
LT	PaliukasRaimundas	Paliukas, Raimundas	M
LT	PatackasAlgirdasVaclovas	Patackas, Algirdas Vaclovas	M
LT	PaulauskasArtūras	Paulauskas, Artūras	M
LT	PaužaBronius	Pauža, Bronius	M
LT	PavilionienėMarijaAušrinė	Pavilionienė, Marija Aušrinė	F
LT	PetrauskienėMilda	Petrauskienė, Milda	F
LT	PetrošiusDarius	Petrošius, Darius	M
LT	PetrulisDomas	Petrulis, Domas	M
LT	PitrėnienėAudronė	Pitrėnienė, Audronė	F
LT	PoželaJuras	Požela, Juras	M
LT	PurvaneckienėGiedrė	Purvaneckienė, Giedrė	F
LT	RučysRimasAntanas	Ručys, Rimas Antanas	M
LT	SargūnasRičardas	Sargūnas, Ričardas	M
LT	SaulisVytautas	Saulis, Vytautas	M
LT	SkarbaliusValdas	Skarbalius, Valdas	M
LT	StancikienėAurelija	Stancikienė, Aurelija	F
LT	StundysValentinas	Stundys, Valentinas	M
LT	ŠablinskasEduardas	Šablinskas, Eduardas	M
LT	ŠimašiusRemigijus	Šimašius, Remigijus	M
LT	TamošiūnasGintaras	Tamošiūnas, Gintaras	M
LT	TeišerskytėDalia	Teišerskytė, Dalia	F
LT	TomaševskiValdemar	Tomaševski, Valdemar	M
LT	TruncėAurimas	Truncė, Aurimas	M
LT	UlickasDarius	Ulickas, Darius	M
LT	UrsulSergej	Ursul, Sergej	M
LT	UspaskichViktor	Uspaskich, Viktor	M
LT	VaickienėJolita	Vaickienė, Jolita	F
LT	VarkalaJonas	Varkala, Jonas	M
LT	VasiliauskasValdas	Vasiliauskas, Valdas	M
LT	VenckienėNeringa	Venckienė, Neringa	F
LT	VėsaitėBirutė	Vėsaitė, Birutė	F
LT	VeselkaJulius	Veselka, Julius	M
LT	VidžiūnasArvydas	Vidžiūnas, Arvydas	M
LT	VonžutaitėVitalija	Vonžutaitė, Vitalija	F
LT	ZasčiurinskasMečislovas	Zasčiurinskas, Mečislovas	M
LT	ZeltinisAleksandras	Zeltinis, Aleksandras	M
LT	ŽakarisEdvardas	Žakaris, Edvardas	M
LT	ŽeimysPranas	Žeimys, Pranas	M
LT	ŽvikienėZita	Žvikienė, Zita	F
LT	GalvonasV	Galvonas, V.	M
LT	SkarupskasM	Skarupskas, M.	M
LT	NarkevičiusJ	Narkevičius, J.	M
LT	Gumbrevičiūtė-kuzminskienėD	Gumbrevičiūtė-Kuzminskienė, D.	M
LT	StrolysM	Strolys, M.	M
LT	VitkusG	Vitkus, G.	M
LT	DriaučiūnaitėR	Driaučiūnaitė, R.	F
LT	KasperavičiusM	Kasperavičius, M.	M
LT	VainiutėM	Vainiutė, M.	F
LT	KauneckasJ	Kauneckas, J.	M
LT	TradišauskasG	Tradišauskas, G.	F
LT	MikalauskasG	Mikalauskas, G.	M
LT	PabedinskienėA	Pabedinskienė, A.	F
LT	JuocevičiusA	Juocevičius, A.	M
LT	VeličkaM	Velička, M.	M
LT	MasiulisR	Masiulis, R.	M
LT	GureckienėV	Gureckienė, V.	F
LT	GaudutisJ	Gaudutis, J.	M
LT	NeverovičJ	Neverovič, J.	F
LT	Aleknaitė-abramikienėV	Aleknaitė-Abramikienė, V.	F
LT	PetrauskienėJ	Petrauskienė, J.	F
LT	SurplysG	Surplys, G.	M
LT	JankevičiusE	Jankevičius, E.	M
LT	MisiūnasE	Misiūnas, E.	M
LT	VaičiūnasŽ	Vaičiūnas, Ž.	M
LT	NavickasK	Navickas, K.	M
LT	BartkusŽ	Bartkus, Ž.	M
LT	UrbonasD	Urbonas, D.	M
LT	MatjošaitytėL	Matjošaitytė, L.	F
LT	KrėpštaS	Krėpšta, S.	M
LT	ŠapokaV	Šapoka, V.	M
LT	SvetikaitėR	Svetikaitė, R.	F
LT	ŠadžiusR	Šadžius, R.	M
LT	GustasE	Gustas, E.	M
LT	TrečiokasK	Trečiokas, K.	M
LT	DambrauskienėE	Dambrauskienė, E.	F
LT	GėgžnasR	Gėgžnas, R.	M
LT	BurokasR	Burokas, R.	M
LT	Ruokytė-jonssonL	Ruokytė-Jonsson, L.	F
LT	BagočiutėA	Bagočiutė, A.	F
LT	DulkysA	Dulkys, A.	M
LT	ŽilevičiusE	Žilevičius, E.	M
LT	GavrilovV	Gavrilov, V.	M
LT	KlimavičiusG	Klimavičius, G.	M
LT	RimkūnasA	Rimkūnas, A.	M
LT	MesonisG	Mesonis, G.	M
LT	RudomotkinaO	Rudomotkina, O.	M
LT	BarakauskasD	Barakauskas, D.	M
LT	ŠovienėJ	Šovienė, J.	F
LT	BajorasM	Bajoras, M.	M
LT	TamulevičiusT	Tamulevičius, T.	M
LT	Maliušicka-stankevičB	Maliušicka-Stankevič, B.	M
LT	ŠešelgisA	Šešelgis, A.	M
LT	ŽiobienėE	Žiobienė, E.	F
LT	VišinskienėD	Višinskienė, D.	F
LT	KartanienėA	Kartanienė, A.	F
LT	KačinskienėD	Kačinskienė, D.	F
LT	GermanasN	Germanas, N.	M
LT	PacevičiusŽ	Pacevičius, Ž.	M
LT	ŠatkauskasR	Šatkauskas, R.	M
LT	MozūraitisG	Mozūraitis, G.	M
LT	ValysD	Valys, D.	M
LT	ZananavičiusA	Zananavičius, A.	M
LT	RadišauskienėE	Radišauskienė, E.	F
LT	KondratovičV	Kondratovič, V.	M
LT	NoreikienėR	Noreikienė, R.	F
LT	Kaminskaitė-saltersG	Kaminskaitė-Salters, G.	F
LT	PočikovskaL	Počikovska, L.	F
LT	GirdauskasS	Girdauskas, S.	M
LT	MačiūnasE	Mačiūnas, E.	M
LT	OnaitisG	Onaitis, G.	M
LT	KilkinovaO	Kilkinova, O.	F
LT	SemeškaV	Semeška, V.	M
LT	BieliauskienėS	Bieliauskienė, S.	F
LT	BublienėD	Bublienė, D.	F
LT	Juodkaitė-granskienėG	Juodkaitė-Granskienė, G.	F
LT	KuconisP	Kuconis, P.	M
LT	RidikasA	Ridikas, A.	M
LT	TaminskasA	Taminskas, A.	M
LT	UmbrasasV	Umbrasas, V.	M
LT	KukuraitisL	Kukuraitis, L.	M
LT	PašilisE	Pašilis, E.	M
LT	MonkevičiusA	Monkevičius, A.	M
LT	JuknaV	Jukna, V.	M
LT	BartkevičiusL	Bartkevičius, L.	M
LT	PaulauskaitėD	Paulauskaitė, D.	F
LT	SemaškaA	Semaška, A.	M
LT	JazavitasS	Jazavitas, S.	M
LT	SakalauskasE	Sakalauskas, E.	M
LT	LeinartėD	Leinartė, D.	M
LT	ObelenienėB	Obelenienė, B.	F
LT	ČerniauskasG	Černiauskas, G.	M
LT	MažintasD	Mažintas, D.	M
LT	KuchcinskiM	Kuchcinski, M.	F
LT	StankūnasM	Stankūnas, M.	M
LT	Zemlys-balevičiusV	Zemlys-Balevičius, V.	F
LT	NakrošisV	Nakrošis, V.	M
LT	Bilotienė-motiejūnienėA	Bilotienė-Motiejūnienė, A.	F
LT	GrigasV	Grigas, V.	M
LT	KasiulevičiusV	Kasiulevičius, V.	M
LT	PūrasD	Pūras, D.	M
LT	LevickaitėK	Levickaitė, K.	F
LT	KerzaE	Kerza, E.	M
LT	KaroblisR	Karoblis, R.	M
LT	PavalkisD	Pavalkis, D.	M
LT	BekešiusM	Bekešius, M.	M
LT	ŽalimasD	Žalimas, D.	M
LT	MurniecėI	Murniecė, I.	F
LT	KuchcinskisM	Kuchcinskis, M.	F
LT	StankevičiusČ	Stankevičius, Č.	M
LT	LandsbergisV	Landsbergis, V.	M
LT	Ramanauskaitė-skokauskienėA	Ramanauskaitė-Skokauskienė, A.	F
LT	ButkusZ	Butkus, Z.	M
LT	ČerniauskasN	Černiauskas, N.	M
LT	PečeliūnasS	Pečeliūnas, S.	M
LT	UrbonaitėD	Urbonaitė, D.	F
LT	ŽvaliauskasA	Žvaliauskas, A.	M
LT	RazumasV	Razumas, V.	M
LT	GriciūnasP	Griciūnas, P.	M
LT	GaruolienėK	Garuolienė, K.	F
LT	ČivilisE	Čivilis, E.	M
LT	KvietkauskasM	Kvietkauskas, M.	M
LT	UrbaitisR	Urbaitis, R.	M
LT	ŠukysR	Šukys, R.	M
LT	ŽyliusR	Žylius, R.	M
LT	ValentukevičiusR	Valentukevičius, R.	M
LT	AdakauskienėL	Adakauskienė, L.	F
LT	VitkauskasA	Vitkauskas, A.	M
LT	SpruogisA	Spruogis, A.	M
LT	PetkusA	Petkus, A.	M
LT	ŠliupasA	Šliupas, A.	M
LT	Ramanauskaitė-tiumenevienėG	Ramanauskaitė-Tiumenevienė, G.	F
LT	LobačevskytėA	Lobačevskytė, A.	F
LT	VaišvilaZ	Vaišvila, Z.	M
LT	KašauskasS	Kašauskas, S.	M
LT	RudėnaitėS	Rudėnaitė, S.	F
LT	GutauskasA	Gutauskas, A.	M
LT	GrybauskaitėD	Grybauskaitė, D.	F
LT	BagdzevičiusR	Bagdzevičius, R.	M
LT	TarmakasM	Tarmakas, M.	M
LT	RažukasR	Ražukas, R.	M
LT	PakalnisR	Pakalnis, R.	M
LT	KaušpėdasA	Kaušpėdas, A.	M
LT	JuozaitisA	Juozaitis, A.	M
LT	RupšytėA	Rupšytė, A.	F
LT	RadžvilasV	Radžvilas, V.	M
LT	VasinauskaitėI	Vasinauskaitė, I.	F
LT	VyšniauskasV	Vyšniauskas, V.	M
LT	AntanavičienėL	Antanavičienė, L.	F
LT	MacevičiusV	Macevičius, V.	M
LT	ŽilinskasT	Žilinskas, T.	M
LT	AntanaitisA	Antanaitis, A.	M
LT	ŠulcėS	Šulcė, S.	M
LT	RimšelisE	Rimšelis, E.	M
LT	DžaferisT	Džaferis, T.	M
LT	GrinaG	Grina, G.	M
LT	KaralevičienėE	Karalevičienė, E.	F
LT	VirbalasL	Virbalas, L.	M
LT	KuklianskyF	Kukliansky, F.	F
LT	RubinovasA	Rubinovas, A.	M
LT	ŽemaitisK	Žemaitis, K.	M
LT	PoniškaitisA	Poniškaitis, A.	M
LT	VaigauskasZ	Vaigauskas, Z.	M
LT	KauzonienėS	Kauzonienė, S.	F
LT	BačkisA	Bačkis, A.	M
LT	VaitkusR	Vaitkus, R.	M
LT	AdamkusV	Adamkus, V.	M
LT	GarnelienėL	Garnelienė, L.	F
LT	GladutisE	Gladutis, E.	F
LT	NarbutasŠ	Narbutas, Š.	M
LT	PoderytėP	Poderytė, P.	F
LT	EžerskisA	Ežerskis, A.	M
LT	BitinasA	Bitinas, A.	M
LT	PranckevičiusA	Pranckevičius, A.	M
LT	MauricasŽ	Mauricas, Ž.	M
LT	LazutkaR	Lazutka, R.	M
LT	ManiokasK	Maniokas, K.	M
LT	MiknysR	Miknys, R.	M
LT	DanėlienėI	Danėlienė, I.	F
LT	LastauskienėG	Lastauskienė, G.	F
LT	NorkūnasA	Norkūnas, A.	M
LT	SarapinasV	Sarapinas, V.	M
LT	SinkevičiusM	Sinkevičius, M.	M
LT	NorbutasM	Norbutas, M.	M
LT	NeverauskasA	Neverauskas, A.	M
LT	JauniškisD	Jauniškis, D.	M
LT	BūdienėV	Būdienė, V.	F
LT	BrazaitisG	Brazaitis, G.	M
LT	MorkvėnasŽ	Morkvėnas, Ž.	M
LT	KymantaitėB	Kymantaitė, B.	F
LT	KlimavičiusK	Klimavičius, K.	M
LT	ZinkevičiūtėJ	Zinkevičiūtė, J.	F
LT	KanapinskasV	Kanapinskas, V.	M
LT	BakšysR	Bakšys, R.	M
LT	MartinkusP	Martinkus, P.	M
LT	SadeckasD	Sadeckas, D.	M
LT	MaskaliovienėL	Maskaliovienė, L.	F
LT	MeilutisN	Meilutis, N.	M
LT	CironkaG	Cironka, G.	M
LT	DrėmaitėG	Drėmaitė, G.	F
LT	RazumkovasD	Razumkovas, D.	M
LT	ParubijusA	Parubijus, A.	M
LT	KarčevskisS	Karčevskis, S.	F
LT	BieliūnasE	Bieliūnas, E.	M
LT	UdrėnasN	Udrėnas, N.	M
LT	JarockisR	Jarockis, R.	M
LT	PrapiestisJ	Prapiestis, J.	M
LT	DambrauskaitėA	Dambrauskaitė, A.	F
LT	NorkusR	Norkus, R.	M
LT	KuliešiusD	Kuliešius, D.	M
LT	JurkuvienėR	Jurkuvienė, R.	F
LT	JanovičienėR	Janovičienė, R.	F
LT	JakubauskasA	Jakubauskas, A.	M
LT	GenevičiusA	Genevičius, A.	M
LT	NorkevičiusA	Norkevičius, A.	M
LT	SankauskaitėV	Sankauskaitė, V.	F
LT	AugustinavičienėM	Augustinavičienė, M.	F
LT	BorutaJ	Boruta, J.	M
LT	SvarauskasA	Svarauskas, A.	M
LT	PaleckisJ	Paleckis, J.	M
LT	ValionytėB	Valionytė, B.	F
LT	GrabinskasR	Grabinskas, R.	M
LT	BaliukovasR	Baliukovas, R.	F
LT	LukošiusJ	Lukošius, J.	M
LT	ČiakasL	Čiakas, L.	M
LT	ZaborėR	Zaborė, R.	M
LT	TamkevičiusS	Tamkevičius, S.	M
LT	GvazdauskasP	Gvazdauskas, P.	M
LT	KėželytėR	Kėželytė, R.	F
LT	MedvedevasN	Medvedevas, N.	M
LT	AndrukaitienėI	Andrukaitienė, I.	F
LT	KuzmickasB	Kuzmickas, B.	M
LT	KazakevičiusG	Kazakevičius, G.	M
LT	RazbadauskasA	Razbadauskas, A.	M
LT	ŽirgulisS	Žirgulis, S.	M
LT	RamanauskaitėG	Ramanauskaitė, G.	F
LT	ŠčiglienėV	Ščiglienė, V.	F
LT	VickutėG	Vickutė, G.	F
LT	VaitekūnasE	Vaitekūnas, E.	M
LT	LingėM	Lingė, M.	F
LT	MulmaČ	Mulma, Č.	F
LT	BogdanovasA	Bogdanovas, A.	M
LT	MatuizaD	Matuiza, D.	M
LT	SurvilaR	Survila, R.	M
LT	ŽiliukaitėR	Žiliukaitė, R.	F
LT	MilešinasE	Milešinas, E.	M
LT	BanelV	Banel, V.	M
LT	TamašauskienėJ	Tamašauskienė, J.	F
LT	GudlevičienėŽ	Gudlevičienė, Ž.	F
LT	JeglinskasG	Jeglinskas, G.	M
LT	JuodkienėŽ	Juodkienė, Ž.	F
LT	AžubalytėR	Ažubalytė, R.	F
LT	ZeliankaV	Zelianka, V.	M
LT	MaciejevskiA	Maciejevski, A.	M
LT	Pranytė-zalieckienėD	Pranytė-Zalieckienė, D.	F
LT	TamošiūnienėE	Tamošiūnienė, E.	F
LT	RasimavičiusL	Rasimavičius, L.	M
LT	BičkauskasE	Bičkauskas, E.	M
LT	JarmoškienėJ	Jarmoškienė, J.	F
LT	NormantasA	Normantas, A.	M
LT	KriukasR	Kriukas, R.	M
LT	JarmolenkaV	Jarmolenka, V.	M
LT	OkinčicČ	Okinčic, Č.	M
LT	ValantinasA	Valantinas, A.	M
LT	GudasM	Gudas, M.	M
LT	ŠvedienėG	Švedienė, G.	F
LT	PuksasA	Puksas, A.	M
LT	ViskontasE	Viskontas, E.	M
LT	ZamžickienėZ	Zamžickienė, Z.	F
LT	RaulušaitisD	Raulušaitis, D.	M
LT	MatonienėD	Matonienė, D.	F
LT	IntrovinjėM	Introvinjė, M.	M
LT	AndrijauskasK	Andrijauskas, K.	M
LT	LaurinavičiusM	Laurinavičius, M.	M
LT	ČinE	Čin, E.	F
LT	IsevičienėR	Isevičienė, R.	F
LT	BurauskaitėT	Burauskaitė, T.	F
LT	JuršėnasČ	Juršėnas, Č.	M
LT	ValysA	Valys, A.	M
LT	UrbonavičienėD	Urbonavičienė, D.	F
LT	JocysV	Jocys, V.	M
LT	SkusevičiusD	Skusevičius, D.	M
LT	MiliusV	Milius, V.	M
LT	JakulevičienėL	Jakulevičienė, L.	F
LT	VaitkusV	Vaitkus, V.	M
LT	MakauskasJ	Makauskas, J.	M
LT	JurkonisE	Jurkonis, E.	M
LT	VilkasE	Vilkas, E.	M
LT	BurneikienėA	Burneikienė, A.	F
LT	PocienėR	Pocienė, R.	F
LT	ČepukėnienėJ	Čepukėnienė, J.	F
LT	KruopysA	Kruopys, A.	M
LT	KorenkaJ	Korenka, J.	M
LT	GudžiūnaitėI	Gudžiūnaitė, I.	M
LT	VildaG	Vilda, G.	M
LT	SkuodisM	Skuodis, M.	M
LT	ŽukienėV	Žukienė, V.	F
LT	ApšegaL	Apšega, L.	M
LT	Ambrasaitė-balynienėG	Ambrasaitė-Balynienė, G.	F
LT	RudzinskasA	Rudzinskas, A.	M
LT	TuskienėM	Tuskienė, M.	F
LT	BrasiūnaitėD	Brasiūnaitė, D.	F
LT	RimkevičiusD	Rimkevičius, D.	M
LT	RaudonienėD	Raudonienė, D.	F
LT	ZeleniakasA	Zeleniakas, A.	M
LT	GrigaitėG	Grigaitė, G.	F
LT	TarailienėD	Tarailienė, D.	F
LT	JonauskasL	Jonauskas, L.	M
LT	ValančiusV	Valančius, V.	M
LT	KastanauskasV	Kastanauskas, V.	M
LT	ŠakalytėG	Šakalytė, G.	F
LT	DūdaM	Dūda, M.	M
LT	PaužaD	Pauža, D.	M
LT	UdrisJ	Udris, J.	M
LT	GlodasM	Glodas, M.	M
LT	IlvesT	Ilves, T.	F
LT	JurovaV	Jurova, V.	F
LT	MorkisG	Morkis, G.	M
LT	MacijauskasM	Macijauskas, M.	M
LT	KlimantavičiusV	Klimantavičius, V.	M
LT	ŽemaitytėG	Žemaitytė, G.	F
LT	KatuokaS	Katuoka, S.	F
LT	UrbonasA	Urbonas, A.	M
LT	PažarskisA	Pažarskis, A.	F
LT	BukavinienėA	Bukavinienė, A.	F
LT	ImbrasienėG	Imbrasienė, G.	F
LT	JarašiūnasE	Jarašiūnas, E.	M
LT	KomorovskisB	Komorovskis, B.	M
LT	PantiruT	Pantiru, T.	F
LT	CichonisZ	Cichonis, Z.	M
LT	NaudžiūtėD	Naudžiūtė, D.	F
LT	GalagerisP	Galageris, P.	M
LT	LukaševičiūtėJ	Lukaševičiūtė, J.	F
LT	SadūnaitėN	Sadūnaitė, N.	F
LT	LaurinavičiusD	Laurinavičius, D.	M
LT	GenzelisB	Genzelis, B.	M
LT	KrinickasD	Krinickas, D.	M
LT	JanulevičiusV	Janulevičius, V.	M
LT	MatukienėD	Matukienė, D.	F
LT	ŠiškauskienėE	Šiškauskienė, E.	F
LT	SejonienėJ	Sejonienė, J.	F
LT	BajorienėA	Bajorienė, A.	F
LT	MertinienėL	Mertinienė, L.	F
LT	TušasA	Tušas, A.	M
LT	KrivasA	Krivas, A.	M
LT	Mačiukaitė-žvinienėS	Mačiukaitė-Žvinienė, S.	F
LT	UrbanavičiusS	Urbanavičius, S.	M
LT	BalcevičiusZ	Balcevičius, Z.	M
LT	BakutienėD	Bakutienė, D.	F
LT	RojutėS	Rojutė, S.	F
LT	IldemasT	Ildemas, T.	M
LT	MudisK	Mudis, K.	M
LT	GradauskasR	Gradauskas, R.	M
LT	KentraA	Kentra, A.	M
LT	SakalauskasR	Sakalauskas, R.	M
LT	KorsakaitėD	Korsakaitė, D.	F
LT	SadauskasV	Sadauskas, V.	M
LT	BudrytėA	Budrytė, A.	F
LT	JarukaitisI	Jarukaitis, I.	M
LT	VaškevičiūtėT	Vaškevičiūtė, T.	F
LT	JurevičiusA	Jurevičius, A.	M
LT	RusilasI	Rusilas, I.	M
LT	UikytėS	Uikytė, S.	F
LT	PundziusJ	Pundzius, J.	M
LT	StancikasE	Stancikas, E.	M
LT	KondratjevaS	Kondratjeva, S.	F
LT	KaunasD	Kaunas, D.	M
LT	SalukvadzėK	Salukvadzė, K.	F
LT	DaratzikiM	Daratziki, M.	F
LT	GreičiusV	Greičius, V.	M
LT	BaltutytėE	Baltutytė, E.	F
LT	JočienėD	Jočienė, D.	F
LT	MisevičienėS	Misevičienė, S.	F
LT	SakalasA	Sakalas, A.	M
LT	TilindienėA	Tilindienė, A.	F
LT	SaudargasA	Saudargas, A.	M
LT	BogatyriovaitėV	Bogatyriovaitė, V.	F
LT	VobolevičiusV	Vobolevičius, V.	M
LT	ŽilinskienėA	Žilinskienė, A.	F
LT	BeinoravičiusD	Beinoravičius, D.	M
LT	ŠaltauskienėS	Šaltauskienė, S.	F
LT	LebedevienėJ	Lebedevienė, J.	F
LT	ReznikovasM	Reznikovas, M.	M
LT	UrbanV	Urban, V.	F
LT	ValčiukienėJ	Valčiukienė, J.	F
LT	AugienėV	Augienė, V.	F
LT	ŠenavičiusA	Šenavičius, A.	M
LT	KačkutėR	Kačkutė, R.	F
LT	RojakaJ	Rojaka, J.	F
LT	LeškevičiusV	Leškevičius, V.	M
LT	BagdonienėE	Bagdonienė, E.	F
LT	ŽelvėK	Želvė, K.	M
LT	ŠiukšterisL	Šiukšteris, L.	M
LT	EidukaitytėA	Eidukaitytė, A.	F
LT	JuodišiusM	Juodišius, M.	M
LT	StoškusK	Stoškus, K.	M
LT	StankūnienėV	Stankūnienė, V.	F
LT	SipavičienėA	Sipavičienė, A.	F
LT	PaukštėD	Paukštė, D.	M
LT	KriščiūnasR	Kriščiūnas, R.	M
LT	MazurekB	Mazurek, B.	M
LT	ParubijA	Parubij, A.	M
LT	OkinčicasČ	Okinčicas, Č.	M
LT	PukštoA	Pukšto, A.	M
LT	DegutisR	Degutis, R.	M
LT	TurčinasA	Turčinas, A.	M
LT	ZarovskisA	Zarovskis, A.	M
LT	NamavičiusJ	Namavičius, J.	M
LT	MontvidienėE	Montvidienė, E.	F
LT	MisevičiusA	Misevičius, A.	M
LT	JaruševičienėL	Jaruševičienė, L.	F
LT	Daujotytė-pakerienėV	Daujotytė-Pakerienė, V.	F
LT	UrbanovičJ	Urbanovič, J.	F
LT	BaronasR	Baronas, R.	M
LT	MačiulisP	Mačiulis, P.	M
LT	MatulaitienėE	Matulaitienė, E.	F
LT	ŽukasJ	Žukas, J.	M
LT	MažeikaG	Mažeika, G.	M
LT	ŽaltauskasM	Žaltauskas, M.	M
LT	BingelisE	Bingelis, E.	M
LT	PabijonavičiūtėI	Pabijonavičiūtė, I.	F
LT	GrigasR	Grigas, R.	M
LT	PumputienėV	Pumputienė, V.	F
LT	RamanavičiusA	Ramanavičius, A.	M
LT	JasponisR	Jasponis, R.	M
LT	BaltokasP	Baltokas, P.	M
LT	ŠatūnasS	Šatūnas, S.	M
LT	RaslanasA	Raslanas, A.	M
LT	SagatysG	Sagatys, G.	M
LT	GalinisA	Galinis, A.	M
LT	AugutisJ	Augutis, J.	M
LT	PoškienėJ	Poškienė, J.	F
LT	GrušasG	Grušas, G.	M
LT	BucininkasE	Bucininkas, E.	M
LT	DaugėlaA	Daugėla, A.	M
LT	MartusevičiusV	Martusevičius, V.	M
LT	VaitkienėR	Vaitkienė, R.	F
LT	CoxP	Cox, P.	F
LT	ŽiūkasM	Žiūkas, M.	M
LT	MartinavičienėD	Martinavičienė, D.	F
LT	GrakauskasE	Grakauskas, E.	M
LT	Rasimas-rasimavičiusL	Rasimas-Rasimavičius, L.	M
LT	DargisR	Dargis, R.	M
LT	StripeikaS	Stripeika, S.	F
LT	VaitkevičiusV	Vaitkevičius, V.	M
LT	MonsėA	Monsė, A.	M
LT	KujalytėL	Kujalytė, L.	F
LT	SabaitienėL	Sabaitienė, L.	F
LT	ButkusE	Butkus, E.	M
LT	ŠefčovičM	Šefčovič, M.	F
LT	TerleckasA	Terleckas, A.	M
LT	MalinauskienėI	Malinauskienė, I.	F
LT	KiaupaZ	Kiaupa, Z.	F
LT	GudaitisR	Gudaitis, R.	M
LT	MatulisD	Matulis, D.	M
LT	IrtmonasP	Irtmonas, P.	M
LT	RasimasJ	Rasimas, J.	M
LT	StettenW	Stetten, W.	F
LT	VaranauskasP	Varanauskas, P.	M
LT	TauginienėL	Tauginienė, L.	F
LT	ShimkusJ	Shimkus, J.	M
LT	MartišiusM	Martišius, M.	M
LT	RutkūnasT	Rutkūnas, T.	M
LT	RadzevičienėA	Radzevičienė, A.	F
LT	VaranauskaitėJ	Varanauskaitė, J.	F
LT	CytackaR	Cytacka, R.	F
LT	SkardžiuvienėA	Skardžiuvienė, A.	F
LT	AndrulionisG	Andrulionis, G.	M
LT	BrandišauskienėR	Brandišauskienė, R.	F
LT	NausėdaG	Nausėda, G.	M
LT	ChowdhuryS	Chowdhury, S.	F
LT	RupšysV	Rupšys, V.	M
LT	MatačiūnasE	Matačiūnas, E.	M
LT	ŠiuparisA	Šiuparis, A.	M
LT	JuzukonisS	Juzukonis, S.	M
LT	LiudvinavičienėV	Liudvinavičienė, V.	F
LT	KarpavičienėJ	Karpavičienė, J.	F
LT	LaurinkusM	Laurinkus, M.	M
LT	BurbulisG	Burbulis, G.	M
LT	GeršmanasK	Geršmanas, K.	M
LT	AnužisV	Anužis, V.	M
LT	OkunytėA	Okunytė, A.	F
LT	LiutkutėR	Liutkutė, R.	F
LT	PlumpaP	Plumpa, P.	M
LT	IgnatavičiusE	Ignatavičius, E.	M
LT	PurlysE	Purlys, E.	M
LT	BorusevičiusB	Borusevičius, B.	M
LT	AndrikienėL	Andrikienė, L.	F
LT	GodaG	Goda, G.	M
LT	PetrylaitėD	Petrylaitė, D.	F
LT	StripeikienėJ	Stripeikienė, J.	F
LT	MotuzasR	Motuzas, R.	M
LT	StaliūnasD	Staliūnas, D.	M
LT	MarkevičiusJ	Markevičius, J.	M
LT	PociusR	Pocius, R.	M
LT	EidintasA	Eidintas, A.	M
LT	ŽalysV	Žalys, V.	M
LT	TargamadzėV	Targamadzė, V.	M
LT	NefasM	Nefas, M.	M
LT	LašasA	Lašas, A.	M
LT	PutinaitėN	Putinaitė, N.	F
LT	MikuckienėV	Mikuckienė, V.	F
LT	PiesliakasA	Piesliakas, A.	M
LT	TikniūtėA	Tikniūtė, A.	F
LT	ŽilienėI	Žilienė, I.	F
LT	BubnysA	Bubnys, A.	M
LT	JafetasT	Jafetas, T.	M
LT	ZingerienėP	Zingerienė, P.	F
LT	BaranauskasE	Baranauskas, E.	M
LT	BonazziL	Bonazzi, L.	F
LT	SmilgevičiusK	Smilgevičius, K.	M
LT	ŠukysA	Šukys, A.	M
LT	DementavičiusJ	Dementavičius, J.	M
LT	Stankevičiūtė-vilimienėR	Stankevičiūtė-Vilimienė, R.	F
LT	JacynasV	Jacynas, V.	M
LT	PociusA	Pocius, A.	M
LT	LaukaitytėR	Laukaitytė, R.	F
LT	BarrettS	Barrett, S.	F
LT	ErgmaE	Ergma, E.	F
LT	LekoJ	Leko, J.	M
LT	BorusewiczB	Borusewicz, B.	F
LT	KarasO	Karas, O.	M
LT	NiakliajevasV	Niakliajevas, V.	M
LT	LiabedzkaA	Liabedzka, A.	F
LT	KaračV	Karač, V.	F
LT	MaryničasP	Maryničas, P.	M
LT	LiberasP	Liberas, P.	M
LT	ŠernasD	Šernas, D.	M
LT	NorvilaR	Norvila, R.	F
LT	VaitiekūnasP	Vaitiekūnas, P.	M
LT	PlečkaitisV	Plečkaitis, V.	M
LT	MichnikA	Michnik, A.	F
LT	BredelisK	Bredelis, K.	M
LT	KadžionisJ	Kadžionis, J.	M
LT	VizbarasK	Vizbaras, K.	M
LT	KropasS	Kropas, S.	M
LT	ŠtreimikisR	Štreimikis, R.	M
LT	UrbanavičienėD	Urbanavičienė, D.	F
LT	LeknickienėS	Leknickienė, S.	F
LT	KozakaitėJ	Kozakaitė, J.	F
LT	MolisA	Molis, A.	M
LT	MiškinienėA	Miškinienė, A.	F
LT	KryževičiusG	Kryževičius, G.	M
LT	MileriusJ	Milerius, J.	M
LT	MatiekuvienėG	Matiekuvienė, G.	F
LT	VipartienėR	Vipartienė, R.	F
LT	ZakarkaM	Zakarka, M.	F
LT	ŠatūnienėŽ	Šatūnienė, Ž.	F
LT	KėvalasK	Kėvalas, K.	M
LT	BergemannG	Bergemann, G.	M
LT	KuprevičiusG	Kuprevičius, G.	M
LT	KarpavičiusA	Karpavičius, A.	M
